A2AHGDQCCO5B92,B00006IUWA,5.0
A2AHGDQCCO5B92,B0000CBJJL,5.0
A2AHGDQCCO5B92,B000AAM0EY,5.0
A2AHGDQCCO5B92,B007ZF638G,5.0
A2YKWYC3WQJX5J,B00005B8K5,2.0
A2YKWYC3WQJX5J,B0000BYC4B,5.0
A2YKWYC3WQJX5J,B000GTR2F6,5.0
A2YKWYC3WQJX5J,B0035E63WM,3.0
AJWRNDYMNR8HZ,B00004S7V8,5.0
AJWRNDYMNR8HZ,B00005IBX9,5.0
AJWRNDYMNR8HZ,B00005UP2K,3.0
AJWRNDYMNR8HZ,B0000CF3Q6,5.0
A2Q3W6WA59IKA,B00009R66F,4.0
A2Q3W6WA59IKA,B000MDHH06,4.0
A2Q3W6WA59IKA,B000QFDNP8,5.0
A2Q3W6WA59IKA,B005GUGBS4,4.0
AVZVZ4D6423I6,B000DLB2FI,5.0
AVZVZ4D6423I6,B000EGA6QI,4.0
AVZVZ4D6423I6,B000TYBWIG,4.0
AVZVZ4D6423I6,B002S52ZDU,5.0
A2IZ9ZSFBW7JX8,B00004S7V8,5.0
A2IZ9ZSFBW7JX8,B00395BD68,5.0
A2IZ9ZSFBW7JX8,B004412GTO,5.0
A2IZ9ZSFBW7JX8,B005GUGBS4,4.0
A3FN2UNQ8HB2OA,B00006IUWM,4.0
A3FN2UNQ8HB2OA,B000MDHH06,5.0
A3FN2UNQ8HB2OA,B000VENLF6,5.0
A3FN2UNQ8HB2OA,B002YD99Y4,5.0
A8ZGOHBASTFB0,B00005UP2K,5.0
A8ZGOHBASTFB0,B00006JSUA,5.0
A8ZGOHBASTFB0,B0000AR7SY,5.0
A8ZGOHBASTFB0,B001N07KUE,5.0
A3W0QBWMP2V3K5,B00004OCKR,5.0
A3W0QBWMP2V3K5,B00006IUWA,5.0
A3W0QBWMP2V3K5,B00006JSUA,5.0
A3W0QBWMP2V3K5,B0000CF3Q6,4.0
A3W0QBWMP2V3K5,B0002Y5X92,5.0
A3W0QBWMP2V3K5,B000COC5MK,5.0
A3W0QBWMP2V3K5,B000FFVJ3C,4.0
A3W0QBWMP2V3K5,B001N07KUE,4.0
A3W0QBWMP2V3K5,B002PY7AYS,5.0
A3W0QBWMP2V3K5,B003PWK2A8,5.0
A3VI0THX3CCWDF,B0000632QE,5.0
A3VI0THX3CCWDF,B00006IUWA,4.0
A3VI0THX3CCWDF,B0000CCY1C,5.0
A3VI0THX3CCWDF,B0002Y5X92,5.0
AOZQ5Q5EMQMX8,B0000CBJJL,5.0
AOZQ5Q5EMQMX8,B00023XCWS,5.0
AOZQ5Q5EMQMX8,B002KCO96C,4.0
AOZQ5Q5EMQMX8,B002S52ZDU,5.0
A3O4MX340YTVVP,B00005UP2K,3.0
A3O4MX340YTVVP,B0002Y5X92,5.0
A3O4MX340YTVVP,B000G0KJG4,3.0
A3O4MX340YTVVP,B002KCO96C,3.0
A3O4MX340YTVVP,B00629K4YK,5.0
A1IREJVK1WBRXF,B00008T960,5.0
A1IREJVK1WBRXF,B0000CFMZN,5.0
A1IREJVK1WBRXF,B00065L6CU,4.0
A1IREJVK1WBRXF,B000QFDNP8,2.0
A1533UHM87FNCQ,B000GXZ2GS,5.0
A1533UHM87FNCQ,B000KDVTJI,2.0
A1533UHM87FNCQ,B000N4WMUE,5.0
A1533UHM87FNCQ,B001N07KUE,5.0
A1IUKKFU2LH625,B00004SPZV,2.0
A1IUKKFU2LH625,B0000CCY1C,5.0
A1IUKKFU2LH625,B000AAM0EY,5.0
A1IUKKFU2LH625,B000M8YMEU,5.0
A1WOMXOEX90ARI,B00004SPZV,1.0
A1WOMXOEX90ARI,B00006JSUA,1.0
A1WOMXOEX90ARI,B0000AR7SY,2.0
A1WOMXOEX90ARI,B003KYSLMW,2.0
A2IW3G0BQD5V3R,B00004S7V8,5.0
A2IW3G0BQD5V3R,B00005B8K5,5.0
A2IW3G0BQD5V3R,B00006JSUA,5.0
A2IW3G0BQD5V3R,B0009ONZ8G,5.0
A1RPTVW5VEOSI,B00004OCKR,3.0
A1RPTVW5VEOSI,B00004OCO9,4.0
A1RPTVW5VEOSI,B00005UP2K,5.0
A1RPTVW5VEOSI,B000EGA6QI,4.0
A2Z24C3SEHJ6RO,B000AQSMPO,1.0
A2Z24C3SEHJ6RO,B000DLB2FI,3.0
A2Z24C3SEHJ6RO,B000EGA6QI,4.0
A2Z24C3SEHJ6RO,B000M8YMEU,5.0
A38GPJ7GC707F5,B00004S7V8,5.0
A38GPJ7GC707F5,B00008T960,5.0
A38GPJ7GC707F5,B000FFVJ3C,5.0
A38GPJ7GC707F5,B000M8YMEU,5.0
A3EPHBMU07LZ50,B00004OCO9,5.0
A3EPHBMU07LZ50,B0000CCY1C,5.0
A3EPHBMU07LZ50,B0000CFMZN,5.0
A3EPHBMU07LZ50,B001N07KUE,5.0
A3EPHBMU07LZ50,B00635VODS,5.0
A2A0J6H37JFW27,B00005IBX9,3.0
A2A0J6H37JFW27,B00006IUWA,4.0
A2A0J6H37JFW27,B004H3G63G,5.0
A2A0J6H37JFW27,B007ZF638G,5.0
A3GH01ZJC95HN,B00065L6CU,4.0
A3GH01ZJC95HN,B0009ONZ8G,4.0
A3GH01ZJC95HN,B000MDHH06,4.0
A3GH01ZJC95HN,B000N4WMUE,5.0
A1X64HF17UU8TX,B0000CCY1C,5.0
A1X64HF17UU8TX,B002YD99Y4,5.0
A1X64HF17UU8TX,B004412GTO,5.0
A1X64HF17UU8TX,B004H3G63G,4.0
A1T1YSCDW0PD25,B00005B8K5,5.0
A1T1YSCDW0PD25,B0006HUYGM,5.0
A1T1YSCDW0PD25,B000DLB2FI,3.0
A1T1YSCDW0PD25,B000GTR2F6,2.0
A1T1YSCDW0PD25,B000VENLF6,4.0
A1T1YSCDW0PD25,B001PB8EJ2,4.0
A11OTLEDSW8ZXD,B00004S1CY,5.0
A11OTLEDSW8ZXD,B00005B8K5,4.0
A11OTLEDSW8ZXD,B00450U7V8,5.0
A11OTLEDSW8ZXD,B007ACTN54,5.0
A1136CNP5QWBA6,B00004SPEU,5.0
A1136CNP5QWBA6,B00004W4UP,5.0
A1136CNP5QWBA6,B00005MF9C,1.0
A1136CNP5QWBA6,B0000AR7SY,5.0
A1136CNP5QWBA6,B003H2GMIW,5.0
A3LDQM3GCURG92,B00004OCKR,5.0
A3LDQM3GCURG92,B00004OCNJ,5.0
A3LDQM3GCURG92,B00004S7V8,5.0
A3LDQM3GCURG92,B00006JSUA,5.0
A3LDQM3GCURG92,B00008T960,5.0
A3LDQM3GCURG92,B001AO2PXK,4.0
A3LDQM3GCURG92,B002S52ZDU,4.0
A3LDQM3GCURG92,B002YD99Y4,5.0
A3G3K34IVRQSUJ,B00008T960,5.0
A3G3K34IVRQSUJ,B000G0KJG4,5.0
A3G3K34IVRQSUJ,B000TYBWIG,5.0
A3G3K34IVRQSUJ,B001GAQKKW,4.0
A70NFM6KHU24F,B00004SPZV,3.0
A70NFM6KHU24F,B00005B8K5,4.0
A70NFM6KHU24F,B000KDVTJI,5.0
A70NFM6KHU24F,B001PB8EJ2,3.0
A167HL3TID769B,B00017UT6W,5.0
A167HL3TID769B,B000KDVTJI,4.0
A167HL3TID769B,B002PY7AYS,5.0
A167HL3TID769B,B002S52ZDU,2.0
ALVU8GE2I79F1,B0000BYC4B,5.0
ALVU8GE2I79F1,B000COC5MK,5.0
ALVU8GE2I79F1,B000G0KJG4,5.0
ALVU8GE2I79F1,B000GXZ2GS,4.0
A6L9KOTK81C0X,B00004S1CY,5.0
A6L9KOTK81C0X,B00004SU18,5.0
A6L9KOTK81C0X,B0000CBJJL,5.0
A6L9KOTK81C0X,B003KYSLMW,5.0
A3R3VQALZAZI9R,B001N07KUE,5.0
A3R3VQALZAZI9R,B004CSXMP6,5.0
A3R3VQALZAZI9R,B00635VODS,5.0
A3R3VQALZAZI9R,B006MIPW70,3.0
A1KXONFPU2XQ5K,B00004OCMM,5.0
A1KXONFPU2XQ5K,B00004OCO9,5.0
A1KXONFPU2XQ5K,B00004SPZV,4.0
A1KXONFPU2XQ5K,B00004SU35,5.0
A1KXONFPU2XQ5K,B00005TN7H,5.0
A1KXONFPU2XQ5K,B0000CF3Q6,5.0
A35W3JQYP0M655,B00004OCO9,5.0
A35W3JQYP0M655,B000GWG0T2,5.0
A35W3JQYP0M655,B002PY7AYS,5.0
A35W3JQYP0M655,B007ZF638G,5.0
A10VKEQNDPJI2Q,B00009R66F,1.0
A10VKEQNDPJI2Q,B000KDVTJI,3.0
A10VKEQNDPJI2Q,B001N07KUE,5.0
A10VKEQNDPJI2Q,B00336TY0K,5.0
A1U8VI6I2MFEU8,B00004SPEU,5.0
A1U8VI6I2MFEU8,B00017UT6W,5.0
A1U8VI6I2MFEU8,B000638D32,5.0
A1U8VI6I2MFEU8,B000AAM0EY,1.0
A1R6DKN9YQ2YU1,B00065L6CU,5.0
A1R6DKN9YQ2YU1,B0006HUYGM,4.0
A1R6DKN9YQ2YU1,B001AO2PXK,2.0
A1R6DKN9YQ2YU1,B001LYFBHG,5.0
A1R6DKN9YQ2YU1,B00635VODS,5.0
A2WB7LZ595CR50,B00004OCO9,4.0
A2WB7LZ595CR50,B00009R66F,5.0
A2WB7LZ595CR50,B0009ONZ8G,5.0
A2WB7LZ595CR50,B002AQHLEU,5.0
AZHEE7WHMF9X5,B00005MF9C,1.0
AZHEE7WHMF9X5,B00005UP2K,1.0
AZHEE7WHMF9X5,B0000BYC4B,1.0
AZHEE7WHMF9X5,B000EGA6QI,1.0
APMYPD97EHUUZ,B00005IBX9,4.0
APMYPD97EHUUZ,B0000CF3Q6,5.0
APMYPD97EHUUZ,B0000CF66W,1.0
APMYPD97EHUUZ,B007ACTN54,5.0
AN5ZM9QWZY1FB,B00004SPEU,5.0
AN5ZM9QWZY1FB,B00008T960,5.0
AN5ZM9QWZY1FB,B000M8YMEU,5.0
AN5ZM9QWZY1FB,B000VENLF6,5.0
A34C3O6RLPZXDI,B00004SPEU,2.0
A34C3O6RLPZXDI,B00006JSUA,5.0
A34C3O6RLPZXDI,B000TKDQ5C,5.0
A34C3O6RLPZXDI,B001T4ZAX8,5.0
A3IUW081KXD3PE,B00004SPZV,3.0
A3IUW081KXD3PE,B001AO2PXK,3.0
A3IUW081KXD3PE,B002PY7AYS,5.0
A3IUW081KXD3PE,B003KYSLMW,5.0
A3IUW081KXD3PE,B005M8HPPS,4.0
A3IUW081KXD3PE,B006MIPW70,5.0
ACPYT9KCCKX6X,B0000CCY1C,5.0
ACPYT9KCCKX6X,B000EGA6QI,4.0
ACPYT9KCCKX6X,B002YD99Y4,5.0
ACPYT9KCCKX6X,B00629K4YK,5.0
A2ZV8W46FZWCLJ,B00004OCMM,5.0
A2ZV8W46FZWCLJ,B00006JSUA,5.0
A2ZV8W46FZWCLJ,B00009R66F,5.0
A2ZV8W46FZWCLJ,B001BB2LMM,5.0
A2ZV8W46FZWCLJ,B001LYFBHG,5.0
A2ZV8W46FZWCLJ,B003KYSLMW,5.0
A17HMM1M7T9PJ1,B00004OCMM,5.0
A17HMM1M7T9PJ1,B000AQSMPO,5.0
A17HMM1M7T9PJ1,B000COC5MK,5.0
A17HMM1M7T9PJ1,B000DLB2FI,4.0
A17HMM1M7T9PJ1,B000GTR2F6,5.0
A17HMM1M7T9PJ1,B00395BD68,5.0
A1DDQM693QDD8A,B00004SPZV,3.0
A1DDQM693QDD8A,B00005IBX9,1.0
A1DDQM693QDD8A,B0000AR7SY,5.0
A1DDQM693QDD8A,B000FFVJ3C,5.0
A3LMO8GJSDCQVO,B00017UT6W,5.0
A3LMO8GJSDCQVO,B0035E63WM,5.0
A3LMO8GJSDCQVO,B003PWK2A8,5.0
A3LMO8GJSDCQVO,B006MIPW70,5.0
A26OC9IY3OTSEM,B00004S7V8,5.0
A26OC9IY3OTSEM,B000638D32,5.0
A26OC9IY3OTSEM,B000AAM0EY,5.0
A26OC9IY3OTSEM,B000GWG0T2,5.0
AR92FRQQ1FWQ6,B00004SPEU,5.0
AR92FRQQ1FWQ6,B00006JSUA,5.0
AR92FRQQ1FWQ6,B0007Y9WHQ,5.0
AR92FRQQ1FWQ6,B000G0KJG4,5.0
A3PYP7C7T6DCRV,B00004OCKR,5.0
A3PYP7C7T6DCRV,B00005IBX9,5.0
A3PYP7C7T6DCRV,B0000CFMZN,5.0
A3PYP7C7T6DCRV,B000638D32,5.0
A3PYP7C7T6DCRV,B000GWG0T2,5.0
A3PYP7C7T6DCRV,B001T4ZAX8,5.0
A35JP8KSV9281K,B00004SU35,5.0
A35JP8KSV9281K,B00005UP2K,5.0
A35JP8KSV9281K,B0000CCY1C,5.0
A35JP8KSV9281K,B000AQSMPO,5.0
A35JP8KSV9281K,B005M8HPPS,3.0
AMGX9DJU7SUN5,B00004SPZV,5.0
AMGX9DJU7SUN5,B000TKDQ5C,5.0
AMGX9DJU7SUN5,B001LYFBHG,2.0
AMGX9DJU7SUN5,B001PB8EJ2,4.0
AMGX9DJU7SUN5,B002YD99Y4,5.0
A3MLDYTKHCCPS0,B00004W4UP,2.0
A3MLDYTKHCCPS0,B0000CCY1C,5.0
A3MLDYTKHCCPS0,B001N07KUE,5.0
A3MLDYTKHCCPS0,B002KCO96C,3.0
ATOPUBVPVV4PY,B00005IBX9,4.0
ATOPUBVPVV4PY,B0000AP7NV,4.0
ATOPUBVPVV4PY,B000VENLF6,4.0
ATOPUBVPVV4PY,B00635VODS,4.0
A3RAJ41UOEE5XH,B00004SPZV,5.0
A3RAJ41UOEE5XH,B0000CBJJL,5.0
A3RAJ41UOEE5XH,B001N07KUE,3.0
A3RAJ41UOEE5XH,B002YD99Y4,5.0
A22MEE3QZJIZIX,B00004S1CY,5.0
A22MEE3QZJIZIX,B0006ZUHR0,5.0
A22MEE3QZJIZIX,B000EGA6QI,5.0
A22MEE3QZJIZIX,B000N4WMUE,5.0
A2XPGNJ8YUPHM0,B00004OCKR,5.0
A2XPGNJ8YUPHM0,B00004SU35,4.0
A2XPGNJ8YUPHM0,B00065L6CU,4.0
A2XPGNJ8YUPHM0,B001T4ZAX8,5.0
A2XPGNJ8YUPHM0,B002S52ZDU,5.0
A24RT6AVJXJZHF,B00004OCO9,5.0
A24RT6AVJXJZHF,B00005IBX9,5.0
A24RT6AVJXJZHF,B002PY7AYS,5.0
A24RT6AVJXJZHF,B00BTIUYOO,5.0
A306NASGVUDFKF,B00004SPZV,1.0
A306NASGVUDFKF,B001L5TVGW,5.0
A306NASGVUDFKF,B001PB8EJ2,5.0
A306NASGVUDFKF,B003KYSLMW,5.0
A2NB2E5DXE319Z,B000TKDQ5C,4.0
A2NB2E5DXE319Z,B001L5TVGW,5.0
A2NB2E5DXE319Z,B001N07KUE,5.0
A2NB2E5DXE319Z,B002XOHZWC,5.0
A2NB2E5DXE319Z,B005M8HPPS,4.0
AOINAOO0NQRGN,B00005IBX9,1.0
AOINAOO0NQRGN,B00006JSUA,4.0
AOINAOO0NQRGN,B0000AP7NV,4.0
AOINAOO0NQRGN,B0000CBJJL,4.0
AOINAOO0NQRGN,B000G0KJG4,5.0
AOINAOO0NQRGN,B000V5X826,5.0
AOINAOO0NQRGN,B001N07KUE,5.0
AOINAOO0NQRGN,B0047Y0UQO,4.0
ASAUDLHZPWWVS,B00065L6CU,4.0
ASAUDLHZPWWVS,B000TKDQ5C,5.0
ASAUDLHZPWWVS,B004CSXMP6,5.0
ASAUDLHZPWWVS,B004H3G63G,5.0
A1C6H1BGUOXZRL,B00004OCNJ,5.0
A1C6H1BGUOXZRL,B00004S7V8,5.0
A1C6H1BGUOXZRL,B0000CFMZN,5.0
A1C6H1BGUOXZRL,B000638D32,5.0
A1C6H1BGUOXZRL,B000GWG0T2,5.0
A1C6H1BGUOXZRL,B003KYSLMW,3.0
A2Y1WSEDSXTYU6,B00006IUWA,5.0
A2Y1WSEDSXTYU6,B0000CFMZN,5.0
A2Y1WSEDSXTYU6,B000GWG0T2,5.0
A2Y1WSEDSXTYU6,B001N07KUE,5.0
A2Y1WSEDSXTYU6,B002YD99Y4,5.0
A2Y1WSEDSXTYU6,B00395BD68,5.0
AGTV1DMRMBRSQ,B001N07KUE,5.0
AGTV1DMRMBRSQ,B002XOHZWC,4.0
AGTV1DMRMBRSQ,B00395BD68,5.0
AGTV1DMRMBRSQ,B00450U7V8,5.0
AGTV1DMRMBRSQ,B004H3G63G,5.0
A1CMYSQJYCYBQI,B00005TN7H,5.0
A1CMYSQJYCYBQI,B0000BYC4B,5.0
A1CMYSQJYCYBQI,B000TYBWIG,5.0
A1CMYSQJYCYBQI,B002HFDLCK,5.0
ALNFHVS3SC4FV,B00004OCMM,5.0
ALNFHVS3SC4FV,B00004OCO9,5.0
ALNFHVS3SC4FV,B00005B8K5,3.0
ALNFHVS3SC4FV,B00006IUWA,4.0
ALNFHVS3SC4FV,B0000CFMZN,4.0
ALNFHVS3SC4FV,B000DLB2FI,5.0
ALNFHVS3SC4FV,B000N4WMUE,5.0
A3N41Y0EHVBFCU,B00004S1CY,5.0
A3N41Y0EHVBFCU,B00004SPZV,5.0
A3N41Y0EHVBFCU,B000GXZ2GS,5.0
A3N41Y0EHVBFCU,B002YD99Y4,5.0
A3HQAPXAJV7PRX,B00005B8K5,5.0
A3HQAPXAJV7PRX,B00006IUWM,5.0
A3HQAPXAJV7PRX,B00006JSUA,5.0
A3HQAPXAJV7PRX,B000AQSMPO,4.0
A3HQAPXAJV7PRX,B000DLB2FI,4.0
A1JFFG7VZIP12Y,B00009R66F,5.0
A1JFFG7VZIP12Y,B0000DE9B5,5.0
A1JFFG7VZIP12Y,B0007Y9WHQ,5.0
A1JFFG7VZIP12Y,B000N4WMUE,5.0
A1SKNFXR9R02S5,B00004OCNJ,5.0
A1SKNFXR9R02S5,B00008T960,4.0
A1SKNFXR9R02S5,B002HFDLCK,4.0
A1SKNFXR9R02S5,B002YD99Y4,4.0
A3283O32S1PCR5,B00006JSUA,5.0
A3283O32S1PCR5,B000638D32,5.0
A3283O32S1PCR5,B000EGA6QI,5.0
A3283O32S1PCR5,B001N07KUE,5.0
A30CS2AL07WGU5,B00004S7V8,5.0
A30CS2AL07WGU5,B00004SU18,5.0
A30CS2AL07WGU5,B000ZK4QH8,3.0
A30CS2AL07WGU5,B007ZF638G,5.0
A279X8Q86JF5VR,B0000CBJJL,5.0
A279X8Q86JF5VR,B00017UT6W,5.0
A279X8Q86JF5VR,B001LYFBHG,5.0
A279X8Q86JF5VR,B0047Y0UQO,3.0
A1XTQ8EB8Q4MBL,B00008T960,5.0
A1XTQ8EB8Q4MBL,B000COC5MK,5.0
A1XTQ8EB8Q4MBL,B001N07KUE,5.0
A1XTQ8EB8Q4MBL,B005GUGBS4,4.0
A3F66CWNNM3OD,B00009R66F,5.0
A3F66CWNNM3OD,B00336TY0K,5.0
A3F66CWNNM3OD,B007ZF638G,4.0
A3F66CWNNM3OD,B00BTIUYOO,5.0
A24EMGY9DC4Z72,B0000AR7SY,4.0
A24EMGY9DC4Z72,B0000CF3Q6,5.0
A24EMGY9DC4Z72,B000F49XXG,5.0
A24EMGY9DC4Z72,B000GXZ2GS,2.0
A24EMGY9DC4Z72,B005GUGBS4,5.0
A24EMGY9DC4Z72,B00BTIUYOO,5.0
A1GGWEX2RW0IRW,B00009R66F,5.0
A1GGWEX2RW0IRW,B000EGA6QI,5.0
A1GGWEX2RW0IRW,B000QFDNP8,4.0
A1GGWEX2RW0IRW,B001T4ZAX8,5.0
A2IND7FIV0RQID,B00004S7V8,5.0
A2IND7FIV0RQID,B00005B8K5,4.0
A2IND7FIV0RQID,B0000DE9B5,5.0
A2IND7FIV0RQID,B000MDHH06,5.0
AG6TX1ZJHLMO7,B0000CCY1C,5.0
AG6TX1ZJHLMO7,B0000CFMZN,5.0
AG6TX1ZJHLMO7,B0009KMYDM,5.0
AG6TX1ZJHLMO7,B000ZK4QH8,5.0
AG6TX1ZJHLMO7,B0035E63WM,5.0
AG6TX1ZJHLMO7,B00395BD68,5.0
AVGZZIUZWPE67,B00004OCKR,5.0
AVGZZIUZWPE67,B00006JSUA,5.0
AVGZZIUZWPE67,B0000CF66W,4.0
AVGZZIUZWPE67,B0000CFMZN,5.0
AVGZZIUZWPE67,B000GWG0T2,5.0
AA1ZYCEKJGG3A,B0000AP7NV,5.0
AA1ZYCEKJGG3A,B00065L6CU,5.0
AA1ZYCEKJGG3A,B00336TY0K,5.0
AA1ZYCEKJGG3A,B004H3G63G,3.0
AVXIYQWPPXYF7,B00004SU18,5.0
AVXIYQWPPXYF7,B00005TN7H,5.0
AVXIYQWPPXYF7,B0000AP7NV,5.0
AVXIYQWPPXYF7,B0000BYC4B,5.0
AVXIYQWPPXYF7,B00065L6CU,5.0
A3FHDF143WLZMC,B00004W4UP,4.0
A3FHDF143WLZMC,B001PB8EJ2,4.0
A3FHDF143WLZMC,B005GUGBS4,2.0
A3FHDF143WLZMC,B00BTIUYOO,4.0
AD1WVH9MP1ZS6,B00005UP2K,5.0
AD1WVH9MP1ZS6,B00009R66F,4.0
AD1WVH9MP1ZS6,B000R4J8PC,4.0
AD1WVH9MP1ZS6,B002AQHLEU,5.0
AD1WVH9MP1ZS6,B002XOHZWC,5.0
A3VZH0PWLQ9BB1,B00004OCO9,5.0
A3VZH0PWLQ9BB1,B0000CF3Q6,5.0
A3VZH0PWLQ9BB1,B000DLB2FI,4.0
A3VZH0PWLQ9BB1,B005M8HPPS,5.0
AT9U5ZE5OO84C,B000DLB2FI,4.0
AT9U5ZE5OO84C,B000GTR2F6,5.0
AT9U5ZE5OO84C,B001N07KUE,5.0
AT9U5ZE5OO84C,B005M8HPPS,5.0
A2C5SXDV2NTCBO,B0007Y9WHQ,3.0
A2C5SXDV2NTCBO,B000DLB2FI,3.0
A2C5SXDV2NTCBO,B000GTR2F6,5.0
A2C5SXDV2NTCBO,B005GUGBS4,2.0
A1G3ZHC1SU2U82,B00006JSUA,5.0
A1G3ZHC1SU2U82,B0000AR7SY,5.0
A1G3ZHC1SU2U82,B0000DE9B5,5.0
A1G3ZHC1SU2U82,B000GXZ2GS,5.0
A1G3ZHC1SU2U82,B001N07KUE,5.0
A1G3ZHC1SU2U82,B002KCO96C,5.0
ABVCQPI1GMONN,B00005TN7H,1.0
ABVCQPI1GMONN,B00006JSUA,5.0
ABVCQPI1GMONN,B0000CCY1C,5.0
ABVCQPI1GMONN,B0007Y9WHQ,5.0
ABVCQPI1GMONN,B00629K4YK,5.0
A2EOI70BD9J0MR,B00004SU18,3.0
A2EOI70BD9J0MR,B0000AP7NV,3.0
A2EOI70BD9J0MR,B00017UT6W,4.0
A2EOI70BD9J0MR,B001LYFBHG,1.0
A2IKX7H2PLHULP,B00004OCNJ,4.0
A2IKX7H2PLHULP,B0000CCY1C,4.0
A2IKX7H2PLHULP,B00395BD68,4.0
A2IKX7H2PLHULP,B005M8HPPS,4.0
A2IKX7H2PLHULP,B007ACTN54,5.0
AX9FIZX89LNFQ,B00004OCKR,5.0
AX9FIZX89LNFQ,B00004S7V8,5.0
AX9FIZX89LNFQ,B00004SPEU,3.0
AX9FIZX89LNFQ,B00004W4UP,5.0
AX9FIZX89LNFQ,B00008T960,5.0
AX9FIZX89LNFQ,B000GXZ2GS,5.0
A1L1N3J6XNABO2,B00004SU18,5.0
A1L1N3J6XNABO2,B0000AP7NV,5.0
A1L1N3J6XNABO2,B0006HUYGM,5.0
A1L1N3J6XNABO2,B000MDHH06,5.0
A35DT4OBG1H83,B00004SPEU,5.0
A35DT4OBG1H83,B0006HUYGM,4.0
A35DT4OBG1H83,B000TYBWIG,4.0
A35DT4OBG1H83,B002HFDLCK,4.0
A1ICQY6DT62O9N,B00004OCNJ,5.0
A1ICQY6DT62O9N,B0000632QE,5.0
A1ICQY6DT62O9N,B00017UT6W,5.0
A1ICQY6DT62O9N,B000V5X826,2.0
A1ICQY6DT62O9N,B001GAQKKW,5.0
A1ICQY6DT62O9N,B001PB8EJ2,5.0
A1ICQY6DT62O9N,B001T4ZAX8,5.0
A1ICQY6DT62O9N,B002XOHZWC,5.0
A1ICQY6DT62O9N,B004412GTO,5.0
A22CW0ZHY3NJH8,B00004OCKR,5.0
A22CW0ZHY3NJH8,B00006IUWM,5.0
A22CW0ZHY3NJH8,B000AAM0EY,5.0
A22CW0ZHY3NJH8,B000TYBWIG,5.0
A8IF4ZBZRY86C,B00004OCO9,5.0
A8IF4ZBZRY86C,B0000632QE,4.0
A8IF4ZBZRY86C,B00006JSUA,5.0
A8IF4ZBZRY86C,B000N4WMUE,5.0
A30XU9XN153ACK,B00004S7V8,5.0
A30XU9XN153ACK,B00006JSUA,5.0
A30XU9XN153ACK,B0000CCY1C,5.0
A30XU9XN153ACK,B0000CF66W,5.0
A30XU9XN153ACK,B000GTR2F6,5.0
A30XU9XN153ACK,B001N07KUE,5.0
A30XU9XN153ACK,B002XOHZWC,5.0
A1WAA32LZ1488K,B00004W4UP,4.0
A1WAA32LZ1488K,B00006JSUA,5.0
A1WAA32LZ1488K,B000R2WEJQ,3.0
A1WAA32LZ1488K,B001LYFBHG,1.0
A39R3WXXMMYJN4,B00065L6CU,5.0
A39R3WXXMMYJN4,B000EJVYTS,5.0
A39R3WXXMMYJN4,B000GTR2F6,5.0
A39R3WXXMMYJN4,B000QFDNP8,5.0
AOEUN9718KVRD,B00004OCO9,5.0
AOEUN9718KVRD,B000KDVTJI,4.0
AOEUN9718KVRD,B004412GTO,3.0
AOEUN9718KVRD,B005M8HPPS,4.0
A2F1IG2DVLJZ8T,B00006JSUA,5.0
A2F1IG2DVLJZ8T,B0000CFMZN,5.0
A2F1IG2DVLJZ8T,B0009ONZ8G,1.0
A2F1IG2DVLJZ8T,B000M8YMEU,4.0
ASSHPKQBFZPB5,B0006HUYGM,3.0
ASSHPKQBFZPB5,B003H2GMIW,5.0
ASSHPKQBFZPB5,B003PWK2A8,5.0
ASSHPKQBFZPB5,B004H3G63G,5.0
AF8SREA2XE7BJ,B00004OCMM,5.0
AF8SREA2XE7BJ,B00004SPZV,5.0
AF8SREA2XE7BJ,B00005B8K5,4.0
AF8SREA2XE7BJ,B00005TN7H,5.0
AF8SREA2XE7BJ,B00005UP2K,5.0
AF8SREA2XE7BJ,B0000CCY1C,5.0
AF8SREA2XE7BJ,B000G0KJG4,5.0
AF8SREA2XE7BJ,B001FWXKTA,4.0
AF8SREA2XE7BJ,B001LYFBHG,4.0
A2B8GXSCB1R05T,B00004OCO9,4.0
A2B8GXSCB1R05T,B00005UP2K,5.0
A2B8GXSCB1R05T,B00006JSUA,5.0
A2B8GXSCB1R05T,B000638D32,4.0
A2B8GXSCB1R05T,B001GAQKKW,4.0
A2B8GXSCB1R05T,B002S52ZDU,4.0
A3IV701XFS5COA,B00004S7V8,5.0
A3IV701XFS5COA,B00006JSUA,5.0
A3IV701XFS5COA,B000EGA6QI,5.0
A3IV701XFS5COA,B000G0KJG4,5.0
A3IV701XFS5COA,B000M8YMEU,5.0
A1TPW86OHXTXFC,B00004OCKR,4.0
A1TPW86OHXTXFC,B00004OCO9,4.0
A1TPW86OHXTXFC,B00004S7V8,5.0
A1TPW86OHXTXFC,B00004SU35,4.0
A1TPW86OHXTXFC,B00005IBX9,5.0
A1TPW86OHXTXFC,B00006JSUA,5.0
A1TPW86OHXTXFC,B0002Y5X92,4.0
A1TPW86OHXTXFC,B000G0KJG4,4.0
A1TPW86OHXTXFC,B004412GTO,4.0
A1XHPYG3D2WVCM,B00005B8K5,5.0
A1XHPYG3D2WVCM,B0000BYC4B,5.0
A1XHPYG3D2WVCM,B001N07KUE,5.0
A1XHPYG3D2WVCM,B002AQHLEU,4.0
A99LXWCJCKGH2,B00004SU35,5.0
A99LXWCJCKGH2,B0000CFMZN,5.0
A99LXWCJCKGH2,B004CSXMP6,5.0
A99LXWCJCKGH2,B004H3G63G,5.0
A2RXSOAUN9SLWZ,B00004OCKR,5.0
A2RXSOAUN9SLWZ,B00004S7V8,4.0
A2RXSOAUN9SLWZ,B000638D32,5.0
A2RXSOAUN9SLWZ,B000AAM0EY,5.0
A2RXSOAUN9SLWZ,B000G0KJG4,4.0
A2RXSOAUN9SLWZ,B000M8YMEU,4.0
A2RXSOAUN9SLWZ,B001BB2LMM,3.0
A2RXSOAUN9SLWZ,B002HFDLCK,4.0
A2RXSOAUN9SLWZ,B004CSXMP6,5.0
A58N07M0ZCYMB,B0000AP7NV,5.0
A58N07M0ZCYMB,B000638D32,5.0
A58N07M0ZCYMB,B000KDVTJI,1.0
A58N07M0ZCYMB,B001PB8EJ2,3.0
A58N07M0ZCYMB,B005M8HPPS,5.0
A1QO29GBXI2ZNR,B00006IUWM,5.0
A1QO29GBXI2ZNR,B0000BYC4B,5.0
A1QO29GBXI2ZNR,B000FFVJ3C,5.0
A1QO29GBXI2ZNR,B005GUGBS4,5.0
A3MQ0MB73DSN35,B00006IUWA,4.0
A3MQ0MB73DSN35,B0000AR7SY,5.0
A3MQ0MB73DSN35,B001N07KUE,5.0
A3MQ0MB73DSN35,B002YD99Y4,5.0
A281NPSIMI1C2R,B00004OCKR,5.0
A281NPSIMI1C2R,B00004OCO9,5.0
A281NPSIMI1C2R,B00004SPEU,5.0
A281NPSIMI1C2R,B00004SPZV,3.0
A3I5YPJZMTG1QO,B00005B8K5,5.0
A3I5YPJZMTG1QO,B0007Y9WHQ,5.0
A3I5YPJZMTG1QO,B000N4WMUE,5.0
A3I5YPJZMTG1QO,B001L5TVGW,5.0
A25QNN6LGEKG5L,B00004SPEU,5.0
A25QNN6LGEKG5L,B00023XCWS,5.0
A25QNN6LGEKG5L,B000TYBWIG,5.0
A25QNN6LGEKG5L,B001N07KUE,5.0
A3BAPBHQ7MM89E,B00004SPEU,5.0
A3BAPBHQ7MM89E,B00008T960,5.0
A3BAPBHQ7MM89E,B003KYSLMW,4.0
A3BAPBHQ7MM89E,B00629K4YK,5.0
AWAB7PKBO3BBT,B00004OCO9,5.0
AWAB7PKBO3BBT,B00005B8K5,4.0
AWAB7PKBO3BBT,B00006IUWA,4.0
AWAB7PKBO3BBT,B000COC5MK,5.0
AWAB7PKBO3BBT,B005M8HPPS,4.0
A3GQP16J109A3F,B000EGA6QI,2.0
A3GQP16J109A3F,B000G0KJG4,5.0
A3GQP16J109A3F,B000GWG0T2,5.0
A3GQP16J109A3F,B001GAQKKW,5.0
AQR4HPVSOPS08,B00004SU35,5.0
AQR4HPVSOPS08,B00008T960,5.0
AQR4HPVSOPS08,B000G0KJG4,4.0
AQR4HPVSOPS08,B002YD99Y4,5.0
A3TEG3939EYA8R,B00017UT6W,5.0
A3TEG3939EYA8R,B000GTR2F6,5.0
A3TEG3939EYA8R,B001L5TVGW,5.0
A3TEG3939EYA8R,B002HFDLCK,5.0
A29GWIJL72GXXZ,B00004SPZV,1.0
A29GWIJL72GXXZ,B00004W4UP,5.0
A29GWIJL72GXXZ,B0009ONZ8G,5.0
A29GWIJL72GXXZ,B004412GTO,1.0
A1SNCVH8GXEJPA,B00004OCKR,5.0
A1SNCVH8GXEJPA,B0006ZUHR0,1.0
A1SNCVH8GXEJPA,B000GWG0T2,3.0
A1SNCVH8GXEJPA,B00336TY0K,5.0
A1SNCVH8GXEJPA,B004412GTO,5.0
A1XT9TZ8MLPXBQ,B0000632QE,5.0
A1XT9TZ8MLPXBQ,B00023XCWS,5.0
A1XT9TZ8MLPXBQ,B000TKDQ5C,5.0
A1XT9TZ8MLPXBQ,B007ACTN54,5.0
A1YGBQ2SVKT7XX,B00005B8K5,5.0
A1YGBQ2SVKT7XX,B0000CCY1C,4.0
A1YGBQ2SVKT7XX,B0000CFMZN,5.0
A1YGBQ2SVKT7XX,B0002Y5X92,3.0
A1YGBQ2SVKT7XX,B000AAM0EY,5.0
A1EX5SK2PD0XLC,B00004S7V8,4.0
A1EX5SK2PD0XLC,B00005IBX9,5.0
A1EX5SK2PD0XLC,B00008T960,3.0
A1EX5SK2PD0XLC,B0000CFMZN,5.0
A1EX5SK2PD0XLC,B000EGA6QI,4.0
A1EX5SK2PD0XLC,B000G0KJG4,5.0
A1EX5SK2PD0XLC,B000GWG0T2,5.0
A103BJIOJSDJL1,B00004SU18,4.0
A103BJIOJSDJL1,B0000AP7NV,3.0
A103BJIOJSDJL1,B0000CFMZN,5.0
A103BJIOJSDJL1,B003PWK2A8,5.0
A3977OZLNA8LCB,B00004OCKR,5.0
A3977OZLNA8LCB,B00004OCNJ,5.0
A3977OZLNA8LCB,B00004SPEU,5.0
A3977OZLNA8LCB,B00006JSUA,5.0
A3977OZLNA8LCB,B0000CCY1C,5.0
A3977OZLNA8LCB,B000G0KJG4,5.0
A3977OZLNA8LCB,B001N07KUE,5.0
A3977OZLNA8LCB,B001PB8EJ2,1.0
A3977OZLNA8LCB,B003KYSLMW,5.0
A3MEMX0XF00TBD,B00004OCNJ,5.0
A3MEMX0XF00TBD,B00008T960,5.0
A3MEMX0XF00TBD,B0000CCY1C,5.0
A3MEMX0XF00TBD,B000G0KJG4,5.0
A1Y1L56592H2ZX,B00005IBX9,3.0
A1Y1L56592H2ZX,B00009R66F,3.0
A1Y1L56592H2ZX,B000V5X826,3.0
A1Y1L56592H2ZX,B001LYFBHG,2.0
A1Y1L56592H2ZX,B001N07KUE,5.0
A1Z7FZP81N8CDU,B0000632QE,5.0
A1Z7FZP81N8CDU,B000FFVJ3C,5.0
A1Z7FZP81N8CDU,B000ZK4QH8,3.0
A1Z7FZP81N8CDU,B001T4ZAX8,5.0
A2SKEQT0WTB954,B00004S7V8,5.0
A2SKEQT0WTB954,B0009ONZ8G,5.0
A2SKEQT0WTB954,B000GXZ2GS,3.0
A2SKEQT0WTB954,B000R4J8PC,5.0
A3MHMWPZUAI565,B00006JSUA,5.0
A3MHMWPZUAI565,B0000BYC4B,4.0
A3MHMWPZUAI565,B000EGA6QI,4.0
A3MHMWPZUAI565,B000N4WMUE,5.0
A23ZNGL704AW7O,B00004OCO9,5.0
A23ZNGL704AW7O,B0000CFMZN,5.0
A23ZNGL704AW7O,B0007Y9WHQ,5.0
A23ZNGL704AW7O,B000AAM0EY,5.0
A23ZNGL704AW7O,B002YD99Y4,5.0
A23ZNGL704AW7O,B0047Y0UQO,2.0
AI43VKPN5NF7D,B00004S1CY,5.0
AI43VKPN5NF7D,B00004SPEU,5.0
AI43VKPN5NF7D,B00006JSUA,5.0
AI43VKPN5NF7D,B00009R66F,4.0
A10CRW7XRJBJ2G,B00065L6CU,4.0
A10CRW7XRJBJ2G,B0007Y9WHQ,4.0
A10CRW7XRJBJ2G,B001N07KUE,5.0
A10CRW7XRJBJ2G,B002AQHLEU,3.0
A1ZJPV6R1F2CSZ,B00008T960,5.0
A1ZJPV6R1F2CSZ,B000G0KJG4,5.0
A1ZJPV6R1F2CSZ,B000TKDQ5C,5.0
A1ZJPV6R1F2CSZ,B001GAQKKW,5.0
AK07RGOR9IJY,B00017UT6W,5.0
AK07RGOR9IJY,B001T4ZAX8,5.0
AK07RGOR9IJY,B0035E63WM,5.0
AK07RGOR9IJY,B006MIPW70,5.0
A2ACUGNVT36JYX,B00004SPZV,5.0
A2ACUGNVT36JYX,B00006JSUA,5.0
A2ACUGNVT36JYX,B0000CBJJL,4.0
A2ACUGNVT36JYX,B001N07KUE,5.0
A28HVL8ZZJEH21,B00004SPZV,4.0
A28HVL8ZZJEH21,B0009KMYDM,5.0
A28HVL8ZZJEH21,B002AQHLEU,3.0
A28HVL8ZZJEH21,B002HFDLCK,5.0
A28HVL8ZZJEH21,B005GUGBS4,5.0
A28HVL8ZZJEH21,B00629K4YK,5.0
A2R1HUYHXV7H18,B00004SPZV,4.0
A2R1HUYHXV7H18,B00004SU35,4.0
A2R1HUYHXV7H18,B00006JSUA,5.0
A2R1HUYHXV7H18,B0000CF66W,5.0
A2R1HUYHXV7H18,B000638D32,5.0
A2Q3WSU5PS2MZO,B00004OCMM,5.0
A2Q3WSU5PS2MZO,B00004S7V8,5.0
A2Q3WSU5PS2MZO,B0000CF3Q6,5.0
A2Q3WSU5PS2MZO,B001AO2PXK,5.0
A7728VDTCAOHC,B0000CCY1C,4.0
A7728VDTCAOHC,B000638D32,5.0
A7728VDTCAOHC,B000GWG0T2,3.0
A7728VDTCAOHC,B002YD99Y4,3.0
A1AC1ZXX9IBCTT,B00004W4UP,5.0
A1AC1ZXX9IBCTT,B00005MF9C,5.0
A1AC1ZXX9IBCTT,B000TKDQ5C,5.0
A1AC1ZXX9IBCTT,B002HFDLCK,5.0
A3S3VSXEFXBMRC,B00065L6CU,5.0
A3S3VSXEFXBMRC,B000EJVYTS,5.0
A3S3VSXEFXBMRC,B000M8YMEU,5.0
A3S3VSXEFXBMRC,B000V5X826,5.0
A1JQDCX4LDKBZ3,B00004SPEU,5.0
A1JQDCX4LDKBZ3,B00004SU18,4.0
A1JQDCX4LDKBZ3,B00006IUWA,5.0
A1JQDCX4LDKBZ3,B000EGA6QI,4.0
ACVZTH0ERVBAL,B00004SU35,5.0
ACVZTH0ERVBAL,B0000632QE,4.0
ACVZTH0ERVBAL,B000GXZ2GS,5.0
ACVZTH0ERVBAL,B001FWXKTA,5.0
A2V5R832QCSOMX,B0000CCY1C,5.0
A2V5R832QCSOMX,B000N4WMUE,5.0
A2V5R832QCSOMX,B000TYBWIG,5.0
A2V5R832QCSOMX,B001L5TVGW,5.0
A2V5R832QCSOMX,B00336TY0K,4.0
A2V5R832QCSOMX,B005M8HPPS,5.0
A19NP8YYADOOSF,B00004OCO9,5.0
A19NP8YYADOOSF,B000638D32,5.0
A19NP8YYADOOSF,B000GXZ2GS,5.0
A19NP8YYADOOSF,B002PY7AYS,3.0
A19NP8YYADOOSF,B005M8HPPS,5.0
A13XJ2Y16CC2DA,B00006IUWM,5.0
A13XJ2Y16CC2DA,B00006JSUA,5.0
A13XJ2Y16CC2DA,B000638D32,5.0
A13XJ2Y16CC2DA,B00395BD68,5.0
A3ENX1Y48DJQVK,B00004S7V8,5.0
A3ENX1Y48DJQVK,B00005MF9C,4.0
A3ENX1Y48DJQVK,B00006IUWA,4.0
A3ENX1Y48DJQVK,B0009KMYDM,4.0
A3ENX1Y48DJQVK,B000COC5MK,5.0
A3ENX1Y48DJQVK,B000R4J8PC,5.0
A3ENX1Y48DJQVK,B00BTIUYOO,4.0
A3TS7BAOQ47DI7,B00006JSUA,5.0
A3TS7BAOQ47DI7,B0000CCY1C,5.0
A3TS7BAOQ47DI7,B0002Y5X92,5.0
A3TS7BAOQ47DI7,B000N4WMUE,4.0
A2LOCNLCDMUKS0,B00006IUWM,5.0
A2LOCNLCDMUKS0,B0009ONZ8G,4.0
A2LOCNLCDMUKS0,B000AAM0EY,5.0
A2LOCNLCDMUKS0,B000DLB2FI,5.0
A2LOCNLCDMUKS0,B002PY7AYS,5.0
A3977M5S0GIG5H,B00004SPEU,5.0
A3977M5S0GIG5H,B00006IUWA,5.0
A3977M5S0GIG5H,B0000DE9B5,5.0
A3977M5S0GIG5H,B00336TY0K,5.0
A39137LW12KK7B,B00004SU18,5.0
A39137LW12KK7B,B000AQSMPO,5.0
A39137LW12KK7B,B000DLB2FI,5.0
A39137LW12KK7B,B000GTR2F6,5.0
A3FKISQI0EW4V1,B00005IBX9,5.0
A3FKISQI0EW4V1,B001T4ZAX8,5.0
A3FKISQI0EW4V1,B00450U7V8,4.0
A3FKISQI0EW4V1,B004H3G63G,5.0
A1O1FCKRHHW3W,B00023XCWS,5.0
A1O1FCKRHHW3W,B000AAM0EY,5.0
A1O1FCKRHHW3W,B000G0KJG4,4.0
A1O1FCKRHHW3W,B000GWG0T2,5.0
A329UIEOEIYT77,B00004OCKR,5.0
A329UIEOEIYT77,B00006JSUA,4.0
A329UIEOEIYT77,B00023XCWS,5.0
A329UIEOEIYT77,B0007Y9WHQ,5.0
A329UIEOEIYT77,B000N4WMUE,4.0
A329UIEOEIYT77,B00450U7V8,2.0
A1DH3QDZX8Z7GO,B00004OCKR,5.0
A1DH3QDZX8Z7GO,B00004OCO9,4.0
A1DH3QDZX8Z7GO,B00005B8K5,5.0
A1DH3QDZX8Z7GO,B00006IUWM,4.0
A1DH3QDZX8Z7GO,B000AAM0EY,5.0
A1DH3QDZX8Z7GO,B000EGA6QI,4.0
A1DH3QDZX8Z7GO,B001N07KUE,4.0
AKROGRB57BCIV,B00004OCMM,4.0
AKROGRB57BCIV,B0000BYC4B,5.0
AKROGRB57BCIV,B0000CF3Q6,2.0
AKROGRB57BCIV,B000AAM0EY,3.0
A20X9WQR7CCDF9,B000638D32,3.0
A20X9WQR7CCDF9,B0006HUYGM,3.0
A20X9WQR7CCDF9,B0006ZUHR0,4.0
A20X9WQR7CCDF9,B000AAM0EY,2.0
A20X9WQR7CCDF9,B00336TY0K,4.0
A3QR5KBKZFDONP,B00004SU18,2.0
A3QR5KBKZFDONP,B0000AP7NV,4.0
A3QR5KBKZFDONP,B00065L6CU,3.0
A3QR5KBKZFDONP,B000VENLF6,5.0
A180TH9CUQOBRV,B00006JSUA,5.0
A180TH9CUQOBRV,B0000CF3Q6,1.0
A180TH9CUQOBRV,B000KDVTJI,5.0
A180TH9CUQOBRV,B0047Y0UQO,5.0
AYLLSFYS3UP1H,B00004SU35,5.0
AYLLSFYS3UP1H,B000TKDQ5C,5.0
AYLLSFYS3UP1H,B001GAQKKW,5.0
AYLLSFYS3UP1H,B00635VODS,2.0
AYLLSFYS3UP1H,B007ACTN54,5.0
A3F86ECVJUB3CD,B00005UP2K,5.0
A3F86ECVJUB3CD,B0009KMYDM,5.0
A3F86ECVJUB3CD,B001AO2PXK,5.0
A3F86ECVJUB3CD,B004412GTO,5.0
AEWYUPCNDV7HY,B00004OCNJ,5.0
AEWYUPCNDV7HY,B00004OCO9,5.0
AEWYUPCNDV7HY,B00006IUWA,5.0
AEWYUPCNDV7HY,B00023XCWS,5.0
AEWYUPCNDV7HY,B000AAM0EY,5.0
A274XVGK9240ME,B00004OCO9,5.0
A274XVGK9240ME,B0000CCY1C,5.0
A274XVGK9240ME,B000M8YMEU,4.0
A274XVGK9240ME,B001GAQKKW,5.0
AUN3NJUBVU6FK,B00004OCNJ,5.0
AUN3NJUBVU6FK,B00004S7V8,5.0
AUN3NJUBVU6FK,B0000CCY1C,5.0
AUN3NJUBVU6FK,B000N4WMUE,5.0
A2QK7UNJ857YG,B00004OCKR,5.0
A2QK7UNJ857YG,B00004SPEU,5.0
A2QK7UNJ857YG,B000MDHH06,5.0
A2QK7UNJ857YG,B002KCO96C,5.0
A2QK7UNJ857YG,B00395BD68,5.0
A1X2373RW38LPT,B000G0KJG4,3.0
A1X2373RW38LPT,B000M8YMEU,5.0
A1X2373RW38LPT,B001BB2LMM,2.0
A1X2373RW38LPT,B001GAQKKW,5.0
A30FJZSTOMI39F,B00004OCMM,5.0
A30FJZSTOMI39F,B000FFVJ3C,4.0
A30FJZSTOMI39F,B000G0KJG4,5.0
A30FJZSTOMI39F,B002HFDLCK,4.0
ATTK7J5JWVDYD,B00004SPEU,4.0
ATTK7J5JWVDYD,B00006JSUA,1.0
ATTK7J5JWVDYD,B00008T960,5.0
ATTK7J5JWVDYD,B0000CCY1C,5.0
ATTK7J5JWVDYD,B0006HUYGM,5.0
ATTK7J5JWVDYD,B001N07KUE,5.0
ATTK7J5JWVDYD,B001T4ZAX8,5.0
ATTK7J5JWVDYD,B00336TY0K,5.0
ATTK7J5JWVDYD,B003KYSLMW,5.0
A132ETQPMHQ585,B00004OCNJ,5.0
A132ETQPMHQ585,B00004SPZV,5.0
A132ETQPMHQ585,B000EJVYTS,1.0
A132ETQPMHQ585,B000MDHH06,5.0
A132ETQPMHQ585,B000QFDNP8,5.0
A132ETQPMHQ585,B001GAQKKW,5.0
A132ETQPMHQ585,B001N07KUE,5.0
A132ETQPMHQ585,B00336TY0K,5.0
A132ETQPMHQ585,B00450U7V8,5.0
A14Z6D3IRJ23F7,B00009R66F,5.0
A14Z6D3IRJ23F7,B00017UT6W,5.0
A14Z6D3IRJ23F7,B000ZK4QH8,3.0
A14Z6D3IRJ23F7,B001T4ZAX8,5.0
A14Z6D3IRJ23F7,B002PY7AYS,4.0
A2NW4O9BJLWDDY,B00005IBX9,1.0
A2NW4O9BJLWDDY,B00006IUWA,5.0
A2NW4O9BJLWDDY,B00006JSUA,5.0
A2NW4O9BJLWDDY,B004CSXMP6,5.0
AFESGGLY9OG7A,B00005B8K5,5.0
AFESGGLY9OG7A,B00006IUWA,3.0
AFESGGLY9OG7A,B000EGA6QI,5.0
AFESGGLY9OG7A,B000KDVTJI,5.0
A2MOD50IHEDH3G,B00004OCO9,5.0
A2MOD50IHEDH3G,B00005IBX9,3.0
A2MOD50IHEDH3G,B000AAM0EY,4.0
A2MOD50IHEDH3G,B001L5TVGW,5.0
A19UUO6X0NX2VJ,B00004SU18,5.0
A19UUO6X0NX2VJ,B00005B8K5,5.0
A19UUO6X0NX2VJ,B00006JSUA,5.0
A19UUO6X0NX2VJ,B000638D32,5.0
A19UUO6X0NX2VJ,B000EGA6QI,5.0
A1JUPR7LPMYG1X,B00005B8K5,4.0
A1JUPR7LPMYG1X,B00005UP2K,5.0
A1JUPR7LPMYG1X,B000G0KJG4,5.0
A1JUPR7LPMYG1X,B002AQHLEU,4.0
A2NIZL8J3E9NCM,B00004SPEU,2.0
A2NIZL8J3E9NCM,B00004SU18,2.0
A2NIZL8J3E9NCM,B00005B8K5,5.0
A2NIZL8J3E9NCM,B0000AP7NV,3.0
A2NIZL8J3E9NCM,B0000CFMZN,4.0
ARF6NZ2PH6MCB,B000G0KJG4,5.0
ARF6NZ2PH6MCB,B001BB2LMM,5.0
ARF6NZ2PH6MCB,B001T4ZAX8,4.0
ARF6NZ2PH6MCB,B00395BD68,5.0
AXWAEC12163PT,B00004S1CY,5.0
AXWAEC12163PT,B00004S7V8,5.0
AXWAEC12163PT,B0006HUYGM,4.0
AXWAEC12163PT,B001FWXKTA,4.0
AB094YABX21WQ,B00004OCNJ,5.0
AB094YABX21WQ,B00004SPEU,5.0
AB094YABX21WQ,B00004SPZV,5.0
AB094YABX21WQ,B00005TN7H,5.0
AB094YABX21WQ,B00005UP2K,5.0
AB094YABX21WQ,B00006IUWA,5.0
AB094YABX21WQ,B00006IUWM,5.0
AB094YABX21WQ,B0000AP7NV,1.0
AB094YABX21WQ,B001BB2LMM,5.0
AB094YABX21WQ,B002XOHZWC,5.0
AB094YABX21WQ,B00BTIUYOO,5.0
A3J813UTQZ2ENT,B00004OCMM,3.0
A3J813UTQZ2ENT,B0000BYC4B,5.0
A3J813UTQZ2ENT,B00023XCWS,5.0
A3J813UTQZ2ENT,B0002Y5X92,5.0
A3J813UTQZ2ENT,B000COC5MK,5.0
A180Y3G9OVEW60,B00004OCNJ,5.0
A180Y3G9OVEW60,B0000CCY1C,5.0
A180Y3G9OVEW60,B00017UT6W,5.0
A180Y3G9OVEW60,B000M8YMEU,5.0
A180Y3G9OVEW60,B003PWK2A8,5.0
A180Y3G9OVEW60,B004CSXMP6,2.0
A3SG41QBSWNTK,B00004OCKR,4.0
A3SG41QBSWNTK,B000DLB2FI,3.0
A3SG41QBSWNTK,B000EJVYTS,5.0
A3SG41QBSWNTK,B000M8YMEU,5.0
AN2Z642H1X66,B00004S1CY,5.0
AN2Z642H1X66,B00005B8K5,5.0
AN2Z642H1X66,B0006ZUHR0,5.0
AN2Z642H1X66,B0009ONZ8G,5.0
AN2Z642H1X66,B000AAM0EY,4.0
A1OSQA9T4L7BCE,B00004SU18,5.0
A1OSQA9T4L7BCE,B0000AP7NV,5.0
A1OSQA9T4L7BCE,B003H2GMIW,5.0
A1OSQA9T4L7BCE,B00629K4YK,5.0
A3VX6AOKB8SVVK,B00006IUWA,2.0
A3VX6AOKB8SVVK,B000TKDQ5C,4.0
A3VX6AOKB8SVVK,B001FWXKTA,5.0
A3VX6AOKB8SVVK,B00336TY0K,2.0
A2MJ8OL2FYN7CW,B00004S7V8,5.0
A2MJ8OL2FYN7CW,B000FFVJ3C,5.0
A2MJ8OL2FYN7CW,B000M8YMEU,5.0
A2MJ8OL2FYN7CW,B003KYSLMW,5.0
AP3WEXX2CIPQ0,B00006IUWA,3.0
AP3WEXX2CIPQ0,B0000CF66W,5.0
AP3WEXX2CIPQ0,B00065L6CU,5.0
AP3WEXX2CIPQ0,B003KYSLMW,5.0
A1K6WBSCTCD6BR,B00004OCNJ,5.0
A1K6WBSCTCD6BR,B00005IBX9,5.0
A1K6WBSCTCD6BR,B00005UP2K,4.0
A1K6WBSCTCD6BR,B0000CCY1C,5.0
A1K38H4KCZCIIT,B00004OCMM,5.0
A1K38H4KCZCIIT,B00005B8K5,5.0
A1K38H4KCZCIIT,B00005IBX9,5.0
A1K38H4KCZCIIT,B00008T960,5.0
A1K38H4KCZCIIT,B0006ZUHR0,5.0
A1K38H4KCZCIIT,B000AAM0EY,5.0
A1K38H4KCZCIIT,B000G0KJG4,5.0
A1K38H4KCZCIIT,B000VENLF6,5.0
A1K38H4KCZCIIT,B001N07KUE,5.0
AKC7KN3ZXNJ8M,B00005B8K5,5.0
AKC7KN3ZXNJ8M,B00005IBX9,1.0
AKC7KN3ZXNJ8M,B000R2WEJQ,5.0
AKC7KN3ZXNJ8M,B00395BD68,5.0
A19FRW264WZTGP,B00004SPEU,5.0
A19FRW264WZTGP,B00004SPZV,4.0
A19FRW264WZTGP,B00005MF9C,5.0
A19FRW264WZTGP,B004412GTO,3.0
A19FRW264WZTGP,B005M8HPPS,4.0
A1RKT6NASDVJID,B00004OCNJ,5.0
A1RKT6NASDVJID,B0000CFMZN,5.0
A1RKT6NASDVJID,B0000DE9B5,5.0
A1RKT6NASDVJID,B000AAM0EY,5.0
A1A9PD00UVHHVI,B00009R66F,1.0
A1A9PD00UVHHVI,B0006HUYGM,5.0
A1A9PD00UVHHVI,B002XOHZWC,5.0
A1A9PD00UVHHVI,B00BTIUYOO,5.0
AY3XPKRAMKKY7,B00004SU35,3.0
AY3XPKRAMKKY7,B00008T960,5.0
AY3XPKRAMKKY7,B0000BYC4B,5.0
AY3XPKRAMKKY7,B000GTR2F6,5.0
AY3XPKRAMKKY7,B000GWG0T2,4.0
A39CDIJQNPLA5W,B00004S7V8,4.0
A39CDIJQNPLA5W,B00004SU18,5.0
A39CDIJQNPLA5W,B00006JSUA,4.0
A39CDIJQNPLA5W,B0000CF3Q6,5.0
A39CDIJQNPLA5W,B000638D32,5.0
A39CDIJQNPLA5W,B000QFDNP8,4.0
A39CDIJQNPLA5W,B000TKDQ5C,5.0
A39CDIJQNPLA5W,B003KYSLMW,4.0
A2RPO2ZWF158VO,B0000AP7NV,4.0
A2RPO2ZWF158VO,B000M8YMEU,4.0
A2RPO2ZWF158VO,B002XOHZWC,4.0
A2RPO2ZWF158VO,B007ACTN54,4.0
A3PJ55S49A3XB7,B00004SPEU,4.0
A3PJ55S49A3XB7,B0000CFMZN,5.0
A3PJ55S49A3XB7,B000FFVJ3C,5.0
A3PJ55S49A3XB7,B001N07KUE,5.0
A3IE8PNBE2LPJE,B0000CFMZN,3.0
A3IE8PNBE2LPJE,B000KDVTJI,5.0
A3IE8PNBE2LPJE,B001L5TVGW,5.0
A3IE8PNBE2LPJE,B001PB8EJ2,5.0
A25Y4KW08CXT24,B00005B8K5,5.0
A25Y4KW08CXT24,B0000CFMZN,5.0
A25Y4KW08CXT24,B000ZK4QH8,2.0
A25Y4KW08CXT24,B00395BD68,5.0
A25Y4KW08CXT24,B004412GTO,4.0
A1NGD90IHQGOOQ,B00004S1CY,5.0
A1NGD90IHQGOOQ,B0000632QE,5.0
A1NGD90IHQGOOQ,B0000CF3Q6,4.0
A1NGD90IHQGOOQ,B000AAM0EY,4.0
A1NGD90IHQGOOQ,B000GXZ2GS,5.0
A1NGD90IHQGOOQ,B000N4WMUE,1.0
A1NGD90IHQGOOQ,B0035E63WM,5.0
A1NGD90IHQGOOQ,B004H3G63G,5.0
A2Y2BV6ZG5F6PM,B0000CF66W,5.0
A2Y2BV6ZG5F6PM,B001N07KUE,5.0
A2Y2BV6ZG5F6PM,B004412GTO,4.0
A2Y2BV6ZG5F6PM,B004CSXMP6,5.0
A2KD9EDKK7LVTI,B00065L6CU,5.0
A2KD9EDKK7LVTI,B002S52ZDU,5.0
A2KD9EDKK7LVTI,B002XOHZWC,5.0
A2KD9EDKK7LVTI,B005GUGBS4,5.0
A235UFZGCFN3J5,B0006ZUHR0,5.0
A235UFZGCFN3J5,B0009ONZ8G,5.0
A235UFZGCFN3J5,B000TKDQ5C,5.0
A235UFZGCFN3J5,B005M8HPPS,5.0
A2BYV7S1QP2YIG,B00005B8K5,4.0
A2BYV7S1QP2YIG,B002XOHZWC,4.0
A2BYV7S1QP2YIG,B002YD99Y4,5.0
A2BYV7S1QP2YIG,B007ZF638G,5.0
A28YBL28P03P8V,B00004SPEU,5.0
A28YBL28P03P8V,B00006JSUA,4.0
A28YBL28P03P8V,B0002Y5X92,5.0
A28YBL28P03P8V,B000G0KJG4,5.0
A28YBL28P03P8V,B000KDVTJI,4.0
A28YBL28P03P8V,B000N4WMUE,5.0
A1VCJJ0RHGAUYM,B00006JSUA,5.0
A1VCJJ0RHGAUYM,B0000CFMZN,5.0
A1VCJJ0RHGAUYM,B000MDHH06,5.0
A1VCJJ0RHGAUYM,B000ZK4QH8,4.0
A1VCJJ0RHGAUYM,B004CSXMP6,5.0
A3EK1NEPCXMGSY,B0000BYC4B,5.0
A3EK1NEPCXMGSY,B00065L6CU,5.0
A3EK1NEPCXMGSY,B001FWXKTA,5.0
A3EK1NEPCXMGSY,B0047Y0UQO,5.0
A3Q4TYJVAM4IRM,B00004OCO9,4.0
A3Q4TYJVAM4IRM,B0006ZUHR0,5.0
A3Q4TYJVAM4IRM,B000N4WMUE,4.0
A3Q4TYJVAM4IRM,B002AQHLEU,4.0
A3OXRFCJI67IMN,B00004OCO9,5.0
A3OXRFCJI67IMN,B00006IUWA,5.0
A3OXRFCJI67IMN,B0000DE9B5,5.0
A3OXRFCJI67IMN,B000AQSMPO,5.0
A3OXRFCJI67IMN,B001N07KUE,5.0
AEC90GPFKLAAW,B00004OCO9,5.0
AEC90GPFKLAAW,B00005TN7H,5.0
AEC90GPFKLAAW,B000FFVJ3C,5.0
AEC90GPFKLAAW,B001LYFBHG,3.0
A1V3TRGWOMA8LC,B000638D32,5.0
A1V3TRGWOMA8LC,B000GTR2F6,2.0
A1V3TRGWOMA8LC,B000KDVTJI,3.0
A1V3TRGWOMA8LC,B000MDHH06,5.0
AEV34C745C0FH,B00004S1CY,4.0
AEV34C745C0FH,B00005B8K5,4.0
AEV34C745C0FH,B0006HUYGM,4.0
AEV34C745C0FH,B001AO2PXK,5.0
A3CZNNTEY657TE,B00004SPEU,5.0
A3CZNNTEY657TE,B0000CF3Q6,4.0
A3CZNNTEY657TE,B00065L6CU,5.0
A3CZNNTEY657TE,B000ZK4QH8,5.0
A3CZNNTEY657TE,B002PY7AYS,5.0
A3CZNNTEY657TE,B00395BD68,4.0
A2HFFOI0PYEKPR,B00004OCKR,4.0
A2HFFOI0PYEKPR,B00009R66F,5.0
A2HFFOI0PYEKPR,B0006HUYGM,5.0
A2HFFOI0PYEKPR,B000F49XXG,5.0
A28ZDVY6NV75P,B00004OCMM,5.0
A28ZDVY6NV75P,B00004OCO9,5.0
A28ZDVY6NV75P,B00004SPZV,4.0
A28ZDVY6NV75P,B00005UP2K,1.0
A28ZDVY6NV75P,B003PWK2A8,5.0
A3LWC833HQIG7J,B00004SPZV,5.0
A3LWC833HQIG7J,B00006IUWA,4.0
A3LWC833HQIG7J,B00006IUWM,5.0
A3LWC833HQIG7J,B00009R66F,5.0
A3LWC833HQIG7J,B000638D32,5.0
A3LWC833HQIG7J,B00065L6CU,4.0
A3LWC833HQIG7J,B000GWG0T2,5.0
A3LWC833HQIG7J,B000QFDNP8,5.0
A3LWC833HQIG7J,B005M8HPPS,4.0
A2PATWWZAXHQYA,B00023XCWS,5.0
A2PATWWZAXHQYA,B00065L6CU,1.0
A2PATWWZAXHQYA,B000MDHH06,3.0
A2PATWWZAXHQYA,B001FWXKTA,5.0
A3OC93X866Z8TB,B000AQSMPO,5.0
A3OC93X866Z8TB,B000TKDQ5C,5.0
A3OC93X866Z8TB,B000TYBWIG,4.0
A3OC93X866Z8TB,B005M8HPPS,4.0
A11I1I9QLMAM1A,B00004S1CY,5.0
A11I1I9QLMAM1A,B000KDVTJI,5.0
A11I1I9QLMAM1A,B000QFDNP8,4.0
A11I1I9QLMAM1A,B001L5TVGW,5.0
A11I1I9QLMAM1A,B002PY7AYS,5.0
A1UYZEBGMW65FY,B00004S7V8,5.0
A1UYZEBGMW65FY,B0000632QE,4.0
A1UYZEBGMW65FY,B0000CF3Q6,4.0
A1UYZEBGMW65FY,B0000CFMZN,5.0
A1UYZEBGMW65FY,B000AAM0EY,5.0
A1UYZEBGMW65FY,B002PY7AYS,5.0
A1Z4PMMNRXC2U1,B00005IBX9,4.0
A1Z4PMMNRXC2U1,B00006JSUA,1.0
A1Z4PMMNRXC2U1,B000638D32,5.0
A1Z4PMMNRXC2U1,B000EGA6QI,5.0
AJL9CZSU6PQJ0,B00004S7V8,5.0
AJL9CZSU6PQJ0,B00005B8K5,4.0
AJL9CZSU6PQJ0,B00005IBX9,4.0
AJL9CZSU6PQJ0,B0000CF66W,5.0
A34C9L7CTK3SDD,B000638D32,5.0
A34C9L7CTK3SDD,B000GWG0T2,5.0
A34C9L7CTK3SDD,B000KDVTJI,1.0
A34C9L7CTK3SDD,B002HFDLCK,5.0
A2MM30EFRMPL5Z,B00004OCNJ,5.0
A2MM30EFRMPL5Z,B00004S7V8,5.0
A2MM30EFRMPL5Z,B00005B8K5,4.0
A2MM30EFRMPL5Z,B00005UP2K,5.0
A2MM30EFRMPL5Z,B00023XCWS,5.0
A2MM30EFRMPL5Z,B000AAM0EY,3.0
AYB4ELCS5AM8P,B00004SPEU,5.0
AYB4ELCS5AM8P,B00006JSUA,5.0
AYB4ELCS5AM8P,B000V5X826,4.0
AYB4ELCS5AM8P,B00BTIUYOO,4.0
A1KY25HG3D9NWB,B00004W4UP,4.0
A1KY25HG3D9NWB,B00006IUWM,4.0
A1KY25HG3D9NWB,B0000CFMZN,4.0
A1KY25HG3D9NWB,B007ACTN54,5.0
A3KGG9KQOVVS63,B00005MF9C,4.0
A3KGG9KQOVVS63,B00006IUWM,5.0
A3KGG9KQOVVS63,B001BB2LMM,5.0
A3KGG9KQOVVS63,B007ZF638G,5.0
A2KP45DO3RY4RG,B00004OCNJ,5.0
A2KP45DO3RY4RG,B00004SPZV,5.0
A2KP45DO3RY4RG,B00005MF9C,5.0
A2KP45DO3RY4RG,B00005UP2K,5.0
A2KP45DO3RY4RG,B000638D32,5.0
A2KP45DO3RY4RG,B000EJVYTS,5.0
A2KP45DO3RY4RG,B000F49XXG,4.0
A3V1A3C9DTLPME,B00004SPEU,5.0
A3V1A3C9DTLPME,B00005B8K5,5.0
A3V1A3C9DTLPME,B00006JSUA,5.0
A3V1A3C9DTLPME,B000EGA6QI,5.0
A3V1A3C9DTLPME,B000KDVTJI,5.0
A3V1A3C9DTLPME,B000TKDQ5C,5.0
A1Z54EM24Y40LL,B00004OCKR,5.0
A1Z54EM24Y40LL,B00004SPEU,4.0
A1Z54EM24Y40LL,B00006JSUA,5.0
A1Z54EM24Y40LL,B0000CFMZN,5.0
A1Z54EM24Y40LL,B000DLB2FI,3.0
A1Z54EM24Y40LL,B000TKDQ5C,5.0
A2G0UGP1RRG4ST,B00004OCKR,5.0
A2G0UGP1RRG4ST,B00005TN7H,5.0
A2G0UGP1RRG4ST,B00006JSUA,5.0
A2G0UGP1RRG4ST,B0000CCY1C,4.0
A2G0UGP1RRG4ST,B001GAQKKW,5.0
A32WR0BG49XT0D,B00004SPZV,2.0
A32WR0BG49XT0D,B000GTR2F6,3.0
A32WR0BG49XT0D,B000R4J8PC,4.0
A32WR0BG49XT0D,B001PB8EJ2,3.0
A32WR0BG49XT0D,B002AQHLEU,4.0
A32WR0BG49XT0D,B004412GTO,4.0
A33PLZ7SD5MCG0,B0009ONZ8G,5.0
A33PLZ7SD5MCG0,B000GTR2F6,5.0
A33PLZ7SD5MCG0,B000N4WMUE,5.0
A33PLZ7SD5MCG0,B000QFDNP8,5.0
A33PLZ7SD5MCG0,B000TYBWIG,4.0
A1T637PGOIVFIS,B00005B8K5,5.0
A1T637PGOIVFIS,B000M8YMEU,5.0
A1T637PGOIVFIS,B002YD99Y4,5.0
A1T637PGOIVFIS,B007ZF638G,5.0
A5Q1FK0FWU7DH,B00005B8K5,5.0
A5Q1FK0FWU7DH,B00005UP2K,5.0
A5Q1FK0FWU7DH,B00006JSUA,4.0
A5Q1FK0FWU7DH,B003KYSLMW,5.0
A2FRFAQCWZJT3Q,B00004OCO9,5.0
A2FRFAQCWZJT3Q,B00004SPZV,4.0
A2FRFAQCWZJT3Q,B00005B8K5,5.0
A2FRFAQCWZJT3Q,B005M8HPPS,5.0
A2JNIARLUJ1NDM,B00004OCMM,2.0
A2JNIARLUJ1NDM,B00005B8K5,3.0
A2JNIARLUJ1NDM,B0000CCY1C,5.0
A2JNIARLUJ1NDM,B000MDHH06,5.0
A2JNIARLUJ1NDM,B000TYBWIG,5.0
A1PDR0RH5HQ1UB,B00009R66F,1.0
A1PDR0RH5HQ1UB,B0000CBJJL,5.0
A1PDR0RH5HQ1UB,B00017UT6W,5.0
A1PDR0RH5HQ1UB,B000R4J8PC,5.0
A1PDR0RH5HQ1UB,B00450U7V8,3.0
A8WRN6S6XGAG9,B0000CFMZN,5.0
A8WRN6S6XGAG9,B000AQSMPO,4.0
A8WRN6S6XGAG9,B000F49XXG,4.0
A8WRN6S6XGAG9,B002YD99Y4,4.0
A26EQ8U96JA92T,B00004OCKR,5.0
A26EQ8U96JA92T,B00004OCO9,5.0
A26EQ8U96JA92T,B00006IUWA,5.0
A26EQ8U96JA92T,B001LYFBHG,5.0
A1JSDDN9EOLB7L,B0000AP7NV,4.0
A1JSDDN9EOLB7L,B000GWG0T2,5.0
A1JSDDN9EOLB7L,B000N4WMUE,5.0
A1JSDDN9EOLB7L,B006MIPW70,5.0
A3ULNMFP4GOZ7,B00004OCNJ,5.0
A3ULNMFP4GOZ7,B001N07KUE,5.0
A3ULNMFP4GOZ7,B004CSXMP6,5.0
A3ULNMFP4GOZ7,B007ZF638G,5.0
A209QRVZ99UQDC,B00006IUWA,3.0
A209QRVZ99UQDC,B00006JSUA,5.0
A209QRVZ99UQDC,B00009R66F,5.0
A209QRVZ99UQDC,B002HFDLCK,5.0
A15AVIKL7KCEF3,B00017UT6W,4.0
A15AVIKL7KCEF3,B000TKDQ5C,5.0
A15AVIKL7KCEF3,B002KCO96C,4.0
A15AVIKL7KCEF3,B002PY7AYS,3.0
ADH1JRIOASVHL,B00017UT6W,5.0
ADH1JRIOASVHL,B000VENLF6,5.0
ADH1JRIOASVHL,B002S52ZDU,1.0
ADH1JRIOASVHL,B00635VODS,5.0
A1LW4ZOXKUAPTE,B00004S7V8,5.0
A1LW4ZOXKUAPTE,B000638D32,5.0
A1LW4ZOXKUAPTE,B000GWG0T2,5.0
A1LW4ZOXKUAPTE,B000N4WMUE,5.0
A3NEAETOSXDBOM,B00006IUWA,5.0
A3NEAETOSXDBOM,B000AQSMPO,5.0
A3NEAETOSXDBOM,B001N07KUE,2.0
A3NEAETOSXDBOM,B002XOHZWC,5.0
A3NEAETOSXDBOM,B004412GTO,5.0
A1WKOQJZ8ORFZT,B00004OCKR,4.0
A1WKOQJZ8ORFZT,B00004OCNJ,5.0
A1WKOQJZ8ORFZT,B00005UP2K,5.0
A1WKOQJZ8ORFZT,B00629K4YK,4.0
A38RMU1Y5TDP9,B00004W4UP,5.0
A38RMU1Y5TDP9,B00006IUWA,5.0
A38RMU1Y5TDP9,B000QFDNP8,5.0
A38RMU1Y5TDP9,B001LYFBHG,2.0
A38RMU1Y5TDP9,B004412GTO,4.0
A38RMU1Y5TDP9,B005M8HPPS,3.0
A1BBTNE0NGNTJW,B00004S1CY,5.0
A1BBTNE0NGNTJW,B0000AR7SY,5.0
A1BBTNE0NGNTJW,B0000CFMZN,3.0
A1BBTNE0NGNTJW,B000V5X826,4.0
A1BBTNE0NGNTJW,B003KYSLMW,5.0
A3Q599RA4SAC7B,B00004S7V8,5.0
A3Q599RA4SAC7B,B00005UP2K,5.0
A3Q599RA4SAC7B,B00006IUWA,4.0
A3Q599RA4SAC7B,B000GWG0T2,4.0
A3N27L13CWJ9HY,B00004OCKR,5.0
A3N27L13CWJ9HY,B00004OCNJ,4.0
A3N27L13CWJ9HY,B00008T960,4.0
A3N27L13CWJ9HY,B0035E63WM,4.0
A3N27L13CWJ9HY,B003KYSLMW,4.0
A2XUXQ284VDXQP,B00004S1CY,5.0
A2XUXQ284VDXQP,B00004SPEU,4.0
A2XUXQ284VDXQP,B0000CF3Q6,5.0
A2XUXQ284VDXQP,B0000DE9B5,5.0
A1U0HENBJVZBEC,B00004S7V8,5.0
A1U0HENBJVZBEC,B0000CF66W,4.0
A1U0HENBJVZBEC,B00065L6CU,4.0
A1U0HENBJVZBEC,B000M8YMEU,5.0
A20BC3R2NBN646,B00009R66F,5.0
A20BC3R2NBN646,B0006HUYGM,5.0
A20BC3R2NBN646,B00336TY0K,5.0
A20BC3R2NBN646,B004H3G63G,5.0
A3OTHWG8LLCLMU,B00004SPEU,4.0
A3OTHWG8LLCLMU,B00004W4UP,4.0
A3OTHWG8LLCLMU,B0000CFMZN,5.0
A3OTHWG8LLCLMU,B000638D32,5.0
A3OTHWG8LLCLMU,B000AAM0EY,5.0
A3OTHWG8LLCLMU,B000AQSMPO,5.0
A3OTHWG8LLCLMU,B000N4WMUE,5.0
A3OTHWG8LLCLMU,B002S52ZDU,4.0
A3OTHWG8LLCLMU,B00BTIUYOO,5.0
A2GR8DKPGFS0FX,B00005B8K5,5.0
A2GR8DKPGFS0FX,B0000CFMZN,5.0
A2GR8DKPGFS0FX,B0000DE9B5,5.0
A2GR8DKPGFS0FX,B003PWK2A8,5.0
A1OA8BH7N6PYWV,B00005B8K5,5.0
A1OA8BH7N6PYWV,B00017UT6W,5.0
A1OA8BH7N6PYWV,B0006ZUHR0,5.0
A1OA8BH7N6PYWV,B00336TY0K,5.0
ATRSMN161M9GU,B00004OCNJ,4.0
ATRSMN161M9GU,B00004S7V8,5.0
ATRSMN161M9GU,B0000AP7NV,5.0
ATRSMN161M9GU,B0000CF3Q6,5.0
A24UY2BFLGK163,B00005IBX9,4.0
A24UY2BFLGK163,B000EGA6QI,5.0
A24UY2BFLGK163,B000R4J8PC,2.0
A24UY2BFLGK163,B001L5TVGW,4.0
A33QFH6KM2WH4J,B00005IBX9,4.0
A33QFH6KM2WH4J,B000R4J8PC,5.0
A33QFH6KM2WH4J,B001N07KUE,4.0
A33QFH6KM2WH4J,B0047Y0UQO,4.0
A1LP73YAAQHB3Y,B00004OCKR,5.0
A1LP73YAAQHB3Y,B00004S1CY,5.0
A1LP73YAAQHB3Y,B00005B8K5,5.0
A1LP73YAAQHB3Y,B0006HUYGM,4.0
A1LP73YAAQHB3Y,B002YD99Y4,5.0
A1R3T01MVZU6Z5,B0009KMYDM,5.0
A1R3T01MVZU6Z5,B000EJVYTS,5.0
A1R3T01MVZU6Z5,B002AQHLEU,5.0
A1R3T01MVZU6Z5,B004412GTO,5.0
AJ22XNZC2377X,B0000632QE,5.0
AJ22XNZC2377X,B00006JSUA,5.0
AJ22XNZC2377X,B0000AR7SY,5.0
AJ22XNZC2377X,B000G0KJG4,5.0
AJ22XNZC2377X,B000GXZ2GS,5.0
AJ22XNZC2377X,B002YD99Y4,1.0
A2VGTBXWR2191N,B00004SU35,3.0
A2VGTBXWR2191N,B00006JSUA,4.0
A2VGTBXWR2191N,B000TKDQ5C,5.0
A2VGTBXWR2191N,B00450U7V8,4.0
A2VGTBXWR2191N,B007ZF638G,4.0
A17TVQPLY3IKC,B00006IUWM,4.0
A17TVQPLY3IKC,B00009R66F,5.0
A17TVQPLY3IKC,B0000CCY1C,5.0
A17TVQPLY3IKC,B00065L6CU,4.0
A17TVQPLY3IKC,B0009ONZ8G,1.0
A17TVQPLY3IKC,B002AQHLEU,5.0
APP35M28G2U51,B00004OCO9,4.0
APP35M28G2U51,B00005B8K5,5.0
APP35M28G2U51,B0000CCY1C,5.0
APP35M28G2U51,B00065L6CU,5.0
APP35M28G2U51,B005M8HPPS,5.0
A380P8LHEL3DZ9,B001L5TVGW,5.0
A380P8LHEL3DZ9,B001T4ZAX8,5.0
A380P8LHEL3DZ9,B003KYSLMW,5.0
A380P8LHEL3DZ9,B007ACTN54,5.0
A3UWRQZV34509I,B00005B8K5,5.0
A3UWRQZV34509I,B00006IUWA,4.0
A3UWRQZV34509I,B000638D32,5.0
A3UWRQZV34509I,B000R2WEJQ,5.0
A3UWRQZV34509I,B00336TY0K,5.0
A3UWRQZV34509I,B00629K4YK,5.0
A2CCLO8YR0LMZY,B00065L6CU,3.0
A2CCLO8YR0LMZY,B0006HUYGM,4.0
A2CCLO8YR0LMZY,B001FWXKTA,5.0
A2CCLO8YR0LMZY,B002AQHLEU,5.0
A1CF9CX9F27EQ8,B0006HUYGM,5.0
A1CF9CX9F27EQ8,B000EGA6QI,5.0
A1CF9CX9F27EQ8,B000G0KJG4,5.0
A1CF9CX9F27EQ8,B000M8YMEU,5.0
A26XMCAS33TQF7,B00006IUWA,5.0
A26XMCAS33TQF7,B0000CFMZN,5.0
A26XMCAS33TQF7,B0009ONZ8G,4.0
A26XMCAS33TQF7,B001L5TVGW,5.0
A15BN1AMRT8FP1,B00004OCKR,4.0
A15BN1AMRT8FP1,B00004S1CY,4.0
A15BN1AMRT8FP1,B0000632QE,3.0
A15BN1AMRT8FP1,B00006JSUA,4.0
A15BN1AMRT8FP1,B00065L6CU,5.0
A15BN1AMRT8FP1,B0009ONZ8G,4.0
A15BN1AMRT8FP1,B000TKDQ5C,4.0
A3TAS1AG6FMBQW,B00004OCO9,5.0
A3TAS1AG6FMBQW,B00004W4UP,5.0
A3TAS1AG6FMBQW,B00009R66F,3.0
A3TAS1AG6FMBQW,B0000CBJJL,5.0
A3TAS1AG6FMBQW,B000KDVTJI,5.0
A1K9ZTXMHO4QFX,B00006IUWA,4.0
A1K9ZTXMHO4QFX,B00008T960,5.0
A1K9ZTXMHO4QFX,B00065L6CU,4.0
A1K9ZTXMHO4QFX,B000TYBWIG,2.0
A3HKCFUS9TYB1F,B000GTR2F6,2.0
A3HKCFUS9TYB1F,B000ZK4QH8,5.0
A3HKCFUS9TYB1F,B001L5TVGW,5.0
A3HKCFUS9TYB1F,B002YD99Y4,1.0
A8P8KPVXCWV9R,B00004OCNJ,5.0
A8P8KPVXCWV9R,B00004SPEU,4.0
A8P8KPVXCWV9R,B00006JSUA,5.0
A8P8KPVXCWV9R,B0006ZUHR0,5.0
A1I0VY7ZD5F6FG,B00005B8K5,5.0
A1I0VY7ZD5F6FG,B0000CFMZN,3.0
A1I0VY7ZD5F6FG,B0006ZUHR0,1.0
A1I0VY7ZD5F6FG,B001N07KUE,5.0
A298INP66DHIQV,B00005B8K5,5.0
A298INP66DHIQV,B0006HUYGM,4.0
A298INP66DHIQV,B000GXZ2GS,5.0
A298INP66DHIQV,B001N07KUE,5.0
A39LRXD7THXB4B,B00005TN7H,5.0
A39LRXD7THXB4B,B00008T960,5.0
A39LRXD7THXB4B,B000AAM0EY,5.0
A39LRXD7THXB4B,B000G0KJG4,5.0
A39LRXD7THXB4B,B000M8YMEU,5.0
A11HK9UYAL1XFZ,B00004SU35,5.0
A11HK9UYAL1XFZ,B0000BYC4B,5.0
A11HK9UYAL1XFZ,B0007Y9WHQ,5.0
A11HK9UYAL1XFZ,B000TYBWIG,5.0
A11HK9UYAL1XFZ,B004CSXMP6,1.0
ATJN4KEHJBOC8,B00004SPZV,4.0
ATJN4KEHJBOC8,B00017UT6W,5.0
ATJN4KEHJBOC8,B000TKDQ5C,2.0
ATJN4KEHJBOC8,B001T4ZAX8,4.0
AW6J9IILGOZY3,B00005UP2K,2.0
AW6J9IILGOZY3,B00006IUWA,4.0
AW6J9IILGOZY3,B0000CCY1C,5.0
AW6J9IILGOZY3,B000N4WMUE,5.0
A2VRYMER23944K,B00004OCMM,4.0
A2VRYMER23944K,B00004S7V8,5.0
A2VRYMER23944K,B00006IUWA,4.0
A2VRYMER23944K,B0000CCY1C,5.0
A87N6UTYA6NOB,B00004SPEU,4.0
A87N6UTYA6NOB,B0000632QE,5.0
A87N6UTYA6NOB,B000GXZ2GS,3.0
A87N6UTYA6NOB,B000TKDQ5C,5.0
A87N6UTYA6NOB,B007ACTN54,5.0
A3091RP0SPZLMN,B00004OCO9,5.0
A3091RP0SPZLMN,B0000CCY1C,5.0
A3091RP0SPZLMN,B002PY7AYS,5.0
A3091RP0SPZLMN,B00BTIUYOO,4.0
A1PTPN5SY7C7SW,B00004OCMM,5.0
A1PTPN5SY7C7SW,B00004SU35,5.0
A1PTPN5SY7C7SW,B00006JSUA,5.0
A1PTPN5SY7C7SW,B000GWG0T2,5.0
AFD4A8X2O85BX,B00005IBX9,5.0
AFD4A8X2O85BX,B00017UT6W,5.0
AFD4A8X2O85BX,B001T4ZAX8,5.0
AFD4A8X2O85BX,B00450U7V8,5.0
A2ZXTXJKKJ03IP,B0000AR7SY,5.0
A2ZXTXJKKJ03IP,B0000CCY1C,5.0
A2ZXTXJKKJ03IP,B000GXZ2GS,4.0
A2ZXTXJKKJ03IP,B000QFDNP8,5.0
A1C9TTC2IM9X60,B00004S1CY,5.0
A1C9TTC2IM9X60,B00005IBX9,4.0
A1C9TTC2IM9X60,B0000CF66W,5.0
A1C9TTC2IM9X60,B000EGA6QI,5.0
A1PA1WP6DIMROV,B00004S1CY,5.0
A1PA1WP6DIMROV,B00336TY0K,5.0
A1PA1WP6DIMROV,B003PWK2A8,4.0
A1PA1WP6DIMROV,B00BTIUYOO,3.0
A23GFTVIETX7DS,B00005IBX9,4.0
A23GFTVIETX7DS,B00005UP2K,5.0
A23GFTVIETX7DS,B00006JSUA,4.0
A23GFTVIETX7DS,B00008T960,5.0
A23GFTVIETX7DS,B000638D32,4.0
A23GFTVIETX7DS,B000AQSMPO,5.0
A23GFTVIETX7DS,B000M8YMEU,5.0
A23GFTVIETX7DS,B000R4J8PC,5.0
A20IIR0422G3A5,B00004OCO9,3.0
A20IIR0422G3A5,B0000DE9B5,5.0
A20IIR0422G3A5,B001PB8EJ2,5.0
A20IIR0422G3A5,B002PY7AYS,5.0
A3PEOF0GX4EN38,B00004OCO9,5.0
A3PEOF0GX4EN38,B00005IBX9,1.0
A3PEOF0GX4EN38,B0002Y5X92,1.0
A3PEOF0GX4EN38,B0007Y9WHQ,3.0
A3PEOF0GX4EN38,B000N4WMUE,5.0
A3PEOF0GX4EN38,B001PB8EJ2,5.0
A3OE9XA2RLSJ7X,B00006IUWM,5.0
A3OE9XA2RLSJ7X,B0000BYC4B,5.0
A3OE9XA2RLSJ7X,B000638D32,5.0
A3OE9XA2RLSJ7X,B0007Y9WHQ,4.0
A3OE9XA2RLSJ7X,B000N4WMUE,5.0
A1QXC9TIR0UTYM,B0000CCY1C,4.0
A1QXC9TIR0UTYM,B000G0KJG4,5.0
A1QXC9TIR0UTYM,B000M8YMEU,5.0
A1QXC9TIR0UTYM,B002AQHLEU,5.0
A1QXC9TIR0UTYM,B00629K4YK,5.0
A2UJGR6IOIUOJA,B00005MF9C,5.0
A2UJGR6IOIUOJA,B0000CF3Q6,5.0
A2UJGR6IOIUOJA,B00065L6CU,5.0
A2UJGR6IOIUOJA,B000V5X826,4.0
A21BXQ5690F3LJ,B00005B8K5,5.0
A21BXQ5690F3LJ,B00006JSUA,5.0
A21BXQ5690F3LJ,B0000CCY1C,5.0
A21BXQ5690F3LJ,B0000DE9B5,1.0
A1YETX467CJV00,B00004OCKR,5.0
A1YETX467CJV00,B00004OCMM,4.0
A1YETX467CJV00,B00005B8K5,5.0
A1YETX467CJV00,B000G0KJG4,4.0
A1YETX467CJV00,B000V5X826,1.0
A3963R7EPE3A7E,B00005IBX9,5.0
A3963R7EPE3A7E,B0000CBJJL,5.0
A3963R7EPE3A7E,B0009KMYDM,5.0
A3963R7EPE3A7E,B002YD99Y4,5.0
A134OXKUUA2N57,B00006JSUA,5.0
A134OXKUUA2N57,B0000CF66W,4.0
A134OXKUUA2N57,B000N4WMUE,4.0
A134OXKUUA2N57,B001T4ZAX8,5.0
A134OXKUUA2N57,B002YD99Y4,1.0
A3JD87DUPU2I56,B00004W4UP,5.0
A3JD87DUPU2I56,B0000CFMZN,5.0
A3JD87DUPU2I56,B00065L6CU,2.0
A3JD87DUPU2I56,B000GWG0T2,5.0
A2BLRAQ9ICVKDV,B00004S7V8,5.0
A2BLRAQ9ICVKDV,B00004SPEU,5.0
A2BLRAQ9ICVKDV,B0006ZUHR0,5.0
A2BLRAQ9ICVKDV,B001N07KUE,5.0
A2M40WZWLIC3N,B00004SPZV,5.0
A2M40WZWLIC3N,B0000632QE,4.0
A2M40WZWLIC3N,B0000DE9B5,5.0
A2M40WZWLIC3N,B00395BD68,5.0
ARTSSZHO3ZYYR,B00004W4UP,5.0
ARTSSZHO3ZYYR,B0006HUYGM,5.0
ARTSSZHO3ZYYR,B0009KMYDM,5.0
ARTSSZHO3ZYYR,B000M8YMEU,5.0
A19UTUEBWKIZFT,B00005B8K5,5.0
A19UTUEBWKIZFT,B00006IUWA,4.0
A19UTUEBWKIZFT,B00008T960,5.0
A19UTUEBWKIZFT,B002XOHZWC,5.0
A17V9XL4CWTQ6G,B00004OCO9,5.0
A17V9XL4CWTQ6G,B00004SPZV,4.0
A17V9XL4CWTQ6G,B00004W4UP,5.0
A17V9XL4CWTQ6G,B00006IUWA,5.0
A17V9XL4CWTQ6G,B0000CCY1C,5.0
A17V9XL4CWTQ6G,B001BB2LMM,5.0
A17V9XL4CWTQ6G,B001LYFBHG,5.0
A17V9XL4CWTQ6G,B00BTIUYOO,5.0
A2HRHF83I3NDGT,B00004SPEU,5.0
A2HRHF83I3NDGT,B00009R66F,5.0
A2HRHF83I3NDGT,B000VENLF6,5.0
A2HRHF83I3NDGT,B003KYSLMW,5.0
A18L1CVUIQRE9L,B00004SPZV,5.0
A18L1CVUIQRE9L,B00006IUWA,5.0
A18L1CVUIQRE9L,B00006JSUA,5.0
A18L1CVUIQRE9L,B0000CF66W,5.0
A18L1CVUIQRE9L,B000VENLF6,5.0
A216YV7RI8SDSM,B00006IUWA,3.0
A216YV7RI8SDSM,B00009R66F,5.0
A216YV7RI8SDSM,B0000AR7SY,1.0
A216YV7RI8SDSM,B000AQSMPO,5.0
A216YV7RI8SDSM,B000TYBWIG,5.0
A2F4YTGU47SBA3,B00005B8K5,5.0
A2F4YTGU47SBA3,B0000CBJJL,3.0
A2F4YTGU47SBA3,B000AQSMPO,5.0
A2F4YTGU47SBA3,B004412GTO,4.0
AAGQNG7TITMMX,B000COC5MK,5.0
AAGQNG7TITMMX,B000G0KJG4,2.0
AAGQNG7TITMMX,B000MDHH06,4.0
AAGQNG7TITMMX,B007ACTN54,5.0
A1Z95PQLRRJ120,B00004S1CY,5.0
A1Z95PQLRRJ120,B00006IUWM,5.0
A1Z95PQLRRJ120,B0006HUYGM,5.0
A1Z95PQLRRJ120,B001L5TVGW,5.0
A1Z95PQLRRJ120,B00395BD68,5.0
A1P80DQ1QCO68Q,B00004SPZV,3.0
A1P80DQ1QCO68Q,B00065L6CU,4.0
A1P80DQ1QCO68Q,B000N4WMUE,4.0
A1P80DQ1QCO68Q,B000TYBWIG,5.0
A3FKAC55JE7BD7,B0000BYC4B,5.0
A3FKAC55JE7BD7,B000EGA6QI,4.0
A3FKAC55JE7BD7,B000KDVTJI,4.0
A3FKAC55JE7BD7,B001N07KUE,5.0
A1Q8WCF2HHTKA3,B00006JSUA,5.0
A1Q8WCF2HHTKA3,B001BB2LMM,5.0
A1Q8WCF2HHTKA3,B0047Y0UQO,5.0
A1Q8WCF2HHTKA3,B004H3G63G,5.0
AY6TK80W3N0KF,B00004SPEU,5.0
AY6TK80W3N0KF,B00006IUWA,4.0
AY6TK80W3N0KF,B00006JSUA,4.0
AY6TK80W3N0KF,B0000AP7NV,3.0
AWG05S1EE80K6,B00004OCKR,5.0
AWG05S1EE80K6,B00004SPZV,3.0
AWG05S1EE80K6,B00008T960,4.0
AWG05S1EE80K6,B000N4WMUE,4.0
AL3G7RTXMGLDQ,B00004SU35,5.0
AL3G7RTXMGLDQ,B00006JSUA,5.0
AL3G7RTXMGLDQ,B000QFDNP8,4.0
AL3G7RTXMGLDQ,B001GAQKKW,5.0
AL3G7RTXMGLDQ,B001N07KUE,5.0
AL3G7RTXMGLDQ,B001T4ZAX8,4.0
A3O483TJGU65G4,B00004SPZV,4.0
A3O483TJGU65G4,B00004SU18,5.0
A3O483TJGU65G4,B00005B8K5,5.0
A3O483TJGU65G4,B000TKDQ5C,5.0
AROZXQNDMK7PE,B00004SPZV,2.0
AROZXQNDMK7PE,B00006IUWA,4.0
AROZXQNDMK7PE,B0006ZUHR0,5.0
AROZXQNDMK7PE,B00336TY0K,5.0
AGCUW3OXIOW7L,B00005B8K5,5.0
AGCUW3OXIOW7L,B0000CF3Q6,5.0
AGCUW3OXIOW7L,B00017UT6W,5.0
AGCUW3OXIOW7L,B0006HUYGM,5.0
A9GI6YA2ECTGC,B0000CF66W,5.0
A9GI6YA2ECTGC,B0000CFMZN,5.0
A9GI6YA2ECTGC,B000N4WMUE,5.0
A9GI6YA2ECTGC,B000R2WEJQ,4.0
A2C8OCVR9MQVXM,B00004SPZV,5.0
A2C8OCVR9MQVXM,B002PY7AYS,5.0
A2C8OCVR9MQVXM,B00336TY0K,5.0
A2C8OCVR9MQVXM,B0035E63WM,5.0
AC9A72PBGZT19,B000DLB2FI,3.0
AC9A72PBGZT19,B000EGA6QI,5.0
AC9A72PBGZT19,B000GTR2F6,5.0
AC9A72PBGZT19,B00629K4YK,5.0
A381MT950I6KRL,B00004OCO9,4.0
A381MT950I6KRL,B00008T960,5.0
A381MT950I6KRL,B0007Y9WHQ,5.0
A381MT950I6KRL,B000AQSMPO,5.0
A381MT950I6KRL,B000EGA6QI,5.0
A381MT950I6KRL,B00450U7V8,5.0
A381MT950I6KRL,B00BTIUYOO,4.0
A21U4DR8M6I9QN,B00004OCO9,5.0
A21U4DR8M6I9QN,B00004S1CY,4.0
A21U4DR8M6I9QN,B00009R66F,5.0
A21U4DR8M6I9QN,B000MDHH06,5.0
A21U4DR8M6I9QN,B000N4WMUE,5.0
A21U4DR8M6I9QN,B001LYFBHG,1.0
A21U4DR8M6I9QN,B004H3G63G,5.0
A3JQ4UO4B4POQ6,B00004S7V8,4.0
A3JQ4UO4B4POQ6,B0000DE9B5,5.0
A3JQ4UO4B4POQ6,B001N07KUE,5.0
A3JQ4UO4B4POQ6,B007ZF638G,5.0
ACJ9N7ED37HXS,B00004SU18,5.0
ACJ9N7ED37HXS,B0000AP7NV,5.0
ACJ9N7ED37HXS,B000DLB2FI,5.0
ACJ9N7ED37HXS,B000TKDQ5C,5.0
AX9FDGOQM0CCR,B00006JSUA,5.0
AX9FDGOQM0CCR,B0000AP7NV,5.0
AX9FDGOQM0CCR,B0000CFMZN,5.0
AX9FDGOQM0CCR,B0006ZUHR0,2.0
AX9FDGOQM0CCR,B002S52ZDU,4.0
A3ONGNBZHTJ12H,B0000CFMZN,5.0
A3ONGNBZHTJ12H,B000M8YMEU,5.0
A3ONGNBZHTJ12H,B000MDHH06,5.0
A3ONGNBZHTJ12H,B002HFDLCK,5.0
A3ONGNBZHTJ12H,B00635VODS,5.0
A1PUYKBEYPXKE8,B00004S7V8,3.0
A1PUYKBEYPXKE8,B00004SPZV,4.0
A1PUYKBEYPXKE8,B000VENLF6,3.0
A1PUYKBEYPXKE8,B003H2GMIW,1.0
A1RRSVSIL0ISPQ,B00004SPEU,5.0
A1RRSVSIL0ISPQ,B00004W4UP,5.0
A1RRSVSIL0ISPQ,B00006JSUA,5.0
A1RRSVSIL0ISPQ,B0006ZUHR0,5.0
A1RRSVSIL0ISPQ,B001N07KUE,5.0
A1027WM3PXKVMR,B00004SPZV,2.0
A1027WM3PXKVMR,B000N4WMUE,5.0
A1027WM3PXKVMR,B001L5TVGW,4.0
A1027WM3PXKVMR,B001N07KUE,5.0
A3SGRLT3AYY56L,B00004OCKR,5.0
A3SGRLT3AYY56L,B00004SPZV,4.0
A3SGRLT3AYY56L,B00006IUWA,5.0
A3SGRLT3AYY56L,B00009R66F,2.0
A262RGP3K6QYMQ,B00017UT6W,4.0
A262RGP3K6QYMQ,B0006HUYGM,5.0
A262RGP3K6QYMQ,B0006ZUHR0,5.0
A262RGP3K6QYMQ,B002AQHLEU,4.0
A262RGP3K6QYMQ,B0035E63WM,2.0
A100WO06OQR8BQ,B00017UT6W,5.0
A100WO06OQR8BQ,B000DLB2FI,5.0
A100WO06OQR8BQ,B001T4ZAX8,3.0
A100WO06OQR8BQ,B002YD99Y4,5.0
A100WO06OQR8BQ,B004412GTO,5.0
A3U029B8Z5WGI2,B00004OCKR,5.0
A3U029B8Z5WGI2,B00005B8K5,5.0
A3U029B8Z5WGI2,B00005UP2K,5.0
A3U029B8Z5WGI2,B00006IUWA,5.0
A3U029B8Z5WGI2,B0000CCY1C,5.0
A3U029B8Z5WGI2,B0006ZUHR0,5.0
A3U029B8Z5WGI2,B0007Y9WHQ,4.0
A3U029B8Z5WGI2,B001N07KUE,5.0
A353U0L2HAMSHV,B00005B8K5,4.0
A353U0L2HAMSHV,B00005UP2K,4.0
A353U0L2HAMSHV,B0000CCY1C,4.0
A353U0L2HAMSHV,B000FFVJ3C,4.0
A353U0L2HAMSHV,B000TYBWIG,5.0
A2628GRX57R8KV,B00004OCNJ,5.0
A2628GRX57R8KV,B00004SPZV,1.0
A2628GRX57R8KV,B002HFDLCK,2.0
A2628GRX57R8KV,B003H2GMIW,4.0
A2628GRX57R8KV,B00450U7V8,4.0
A3JHE3QRUM04SJ,B00004OCNJ,5.0
A3JHE3QRUM04SJ,B0000CCY1C,5.0
A3JHE3QRUM04SJ,B000M8YMEU,5.0
A3JHE3QRUM04SJ,B002XOHZWC,4.0
A35JWKJUOV7VHI,B00004S7V8,5.0
A35JWKJUOV7VHI,B00004SU35,5.0
A35JWKJUOV7VHI,B0000632QE,1.0
A35JWKJUOV7VHI,B0000CCY1C,3.0
A35JWKJUOV7VHI,B001L5TVGW,1.0
A2X27YEBT54D44,B00005TN7H,5.0
A2X27YEBT54D44,B0000BYC4B,5.0
A2X27YEBT54D44,B000DLB2FI,5.0
A2X27YEBT54D44,B000GTR2F6,4.0
ATLA5CJH0ZZHP,B00004OCO9,5.0
ATLA5CJH0ZZHP,B001BB2LMM,4.0
ATLA5CJH0ZZHP,B001GAQKKW,5.0
ATLA5CJH0ZZHP,B001L5TVGW,4.0
ATLA5CJH0ZZHP,B002PY7AYS,5.0
ABQWMANK4AR63,B00004OCO9,3.0
ABQWMANK4AR63,B0006HUYGM,5.0
ABQWMANK4AR63,B000AAM0EY,5.0
ABQWMANK4AR63,B000R4J8PC,5.0
ABQWMANK4AR63,B000ZK4QH8,5.0
ABQWMANK4AR63,B001L5TVGW,5.0
ABQWMANK4AR63,B00336TY0K,4.0
AMRHATBGG8BUE,B00004S7V8,5.0
AMRHATBGG8BUE,B0007Y9WHQ,5.0
AMRHATBGG8BUE,B002YD99Y4,4.0
AMRHATBGG8BUE,B003KYSLMW,4.0
A1SCQYLCP16AK3,B00005B8K5,5.0
A1SCQYLCP16AK3,B00006IUWA,5.0
A1SCQYLCP16AK3,B00009R66F,5.0
A1SCQYLCP16AK3,B000COC5MK,5.0
A1SCQYLCP16AK3,B000M8YMEU,5.0
A1SCQYLCP16AK3,B001AO2PXK,5.0
A1SCQYLCP16AK3,B001BB2LMM,5.0
A1SCQYLCP16AK3,B001T4ZAX8,4.0
A1SCQYLCP16AK3,B002S52ZDU,4.0
A1SCQYLCP16AK3,B00336TY0K,5.0
A2XU6J41ZQOJ2V,B00009R66F,5.0
A2XU6J41ZQOJ2V,B0006HUYGM,5.0
A2XU6J41ZQOJ2V,B0009ONZ8G,5.0
A2XU6J41ZQOJ2V,B003PWK2A8,5.0
A18LVHY887HL23,B00004SPEU,4.0
A18LVHY887HL23,B000R2WEJQ,5.0
A18LVHY887HL23,B000ZK4QH8,5.0
A18LVHY887HL23,B002AQHLEU,5.0
A1YJMG0QJXZLD4,B00004SPZV,3.0
A1YJMG0QJXZLD4,B00004SU18,5.0
A1YJMG0QJXZLD4,B00004W4UP,5.0
A1YJMG0QJXZLD4,B00005TN7H,4.0
A1YJMG0QJXZLD4,B0000632QE,5.0
A1YJMG0QJXZLD4,B0000CFMZN,5.0
A1YJMG0QJXZLD4,B000FFVJ3C,4.0
A1YJMG0QJXZLD4,B000MDHH06,3.0
A17BUUBOU0598B,B00023XCWS,4.0
A17BUUBOU0598B,B000638D32,4.0
A17BUUBOU0598B,B0006HUYGM,3.0
A17BUUBOU0598B,B0006ZUHR0,4.0
AH5UHRMCJJBBE,B00004S7V8,5.0
AH5UHRMCJJBBE,B00004SPZV,5.0
AH5UHRMCJJBBE,B00006JSUA,5.0
AH5UHRMCJJBBE,B0000DE9B5,5.0
ATOKT8QYK967L,B00004W4UP,5.0
ATOKT8QYK967L,B000KDVTJI,4.0
ATOKT8QYK967L,B000N4WMUE,4.0
ATOKT8QYK967L,B000R4J8PC,5.0
AY49JOXTLDOG2,B00004OCO9,3.0
AY49JOXTLDOG2,B00005TN7H,5.0
AY49JOXTLDOG2,B00009R66F,5.0
AY49JOXTLDOG2,B000FFVJ3C,5.0
ATDO13UK5NHVC,B00006JSUA,5.0
ATDO13UK5NHVC,B000GTR2F6,1.0
ATDO13UK5NHVC,B001N07KUE,5.0
ATDO13UK5NHVC,B002HFDLCK,3.0
A12LXLVEKAROV6,B00004SPEU,5.0
A12LXLVEKAROV6,B00004SPZV,5.0
A12LXLVEKAROV6,B00005B8K5,5.0
A12LXLVEKAROV6,B00006IUWA,5.0
A3OQNWCOITZSSH,B00004SU18,5.0
A3OQNWCOITZSSH,B0000AP7NV,5.0
A3OQNWCOITZSSH,B00065L6CU,2.0
A3OQNWCOITZSSH,B0047Y0UQO,5.0
A26LD9FQHTM8ZH,B00004OCMM,5.0
A26LD9FQHTM8ZH,B00005B8K5,5.0
A26LD9FQHTM8ZH,B0000CFMZN,4.0
A26LD9FQHTM8ZH,B000DLB2FI,5.0
A26LD9FQHTM8ZH,B001N07KUE,5.0
A26LD9FQHTM8ZH,B002PY7AYS,5.0
A26LD9FQHTM8ZH,B00395BD68,5.0
A26LD9FQHTM8ZH,B004H3G63G,5.0
A2UJPGQSUZ7MD4,B00004S7V8,5.0
A2UJPGQSUZ7MD4,B0000632QE,5.0
A2UJPGQSUZ7MD4,B0000CBJJL,5.0
A2UJPGQSUZ7MD4,B000N4WMUE,5.0
A1IU7S4HCK1XK0,B00004S1CY,5.0
A1IU7S4HCK1XK0,B00004S7V8,5.0
A1IU7S4HCK1XK0,B00004SPEU,5.0
A1IU7S4HCK1XK0,B00004SU18,4.0
A1IU7S4HCK1XK0,B00005B8K5,5.0
A1IU7S4HCK1XK0,B00006IUWA,5.0
A1IU7S4HCK1XK0,B00006JSUA,5.0
A1IU7S4HCK1XK0,B0000CFMZN,4.0
A1IU7S4HCK1XK0,B000QFDNP8,5.0
A1IU7S4HCK1XK0,B001N07KUE,5.0
A1IU7S4HCK1XK0,B00629K4YK,5.0
A18LZ6VHS4DK69,B00004OCKR,5.0
A18LZ6VHS4DK69,B00005B8K5,5.0
A18LZ6VHS4DK69,B00006JSUA,5.0
A18LZ6VHS4DK69,B000TKDQ5C,5.0
A18LZ6VHS4DK69,B002PY7AYS,5.0
A1ZPY91VE3IDN1,B00004SPZV,2.0
A1ZPY91VE3IDN1,B00005TN7H,5.0
A1ZPY91VE3IDN1,B00023XCWS,2.0
A1ZPY91VE3IDN1,B000MDHH06,4.0
A1ZPY91VE3IDN1,B005M8HPPS,5.0
A1S97PGDNHHL38,B00004OCNJ,4.0
A1S97PGDNHHL38,B00005B8K5,4.0
A1S97PGDNHHL38,B00006JSUA,3.0
A1S97PGDNHHL38,B0000CCY1C,5.0
A3CG93783LP0FO,B00008T960,4.0
A3CG93783LP0FO,B0000CF66W,5.0
A3CG93783LP0FO,B00017UT6W,5.0
A3CG93783LP0FO,B00065L6CU,5.0
A2QRX9OJKW9TM9,B00004SU35,1.0
A2QRX9OJKW9TM9,B00005B8K5,2.0
A2QRX9OJKW9TM9,B000GXZ2GS,3.0
A2QRX9OJKW9TM9,B001FWXKTA,4.0
A3DMXJMKZ35TNX,B00006IUWA,5.0
A3DMXJMKZ35TNX,B00065L6CU,3.0
A3DMXJMKZ35TNX,B0009ONZ8G,4.0
A3DMXJMKZ35TNX,B003KYSLMW,5.0
A1OY5B228QZ608,B0000CBJJL,4.0
A1OY5B228QZ608,B000ZK4QH8,4.0
A1OY5B228QZ608,B003H2GMIW,5.0
A1OY5B228QZ608,B003PWK2A8,4.0
AKQFM8Q42GXN0,B00006JSUA,5.0
AKQFM8Q42GXN0,B000AAM0EY,5.0
AKQFM8Q42GXN0,B000FFVJ3C,5.0
AKQFM8Q42GXN0,B000G0KJG4,5.0
AKQFM8Q42GXN0,B000GWG0T2,5.0
A2A9X58G2GTBLP,B00004OCKR,5.0
A2A9X58G2GTBLP,B00006JSUA,5.0
A2A9X58G2GTBLP,B0000BYC4B,5.0
A2A9X58G2GTBLP,B0000CFMZN,5.0
A2A9X58G2GTBLP,B000GWG0T2,5.0
A2A9X58G2GTBLP,B001T4ZAX8,5.0
A1JVFV1VAA08X,B00005B8K5,5.0
A1JVFV1VAA08X,B0000CBJJL,5.0
A1JVFV1VAA08X,B0002Y5X92,5.0
A1JVFV1VAA08X,B000G0KJG4,5.0
A2RUHXI5I2Y4CF,B000EGA6QI,5.0
A2RUHXI5I2Y4CF,B001BB2LMM,5.0
A2RUHXI5I2Y4CF,B001N07KUE,5.0
A2RUHXI5I2Y4CF,B007ZF638G,5.0
A1WWULBGFR2TGQ,B00004SU18,5.0
A1WWULBGFR2TGQ,B00009R66F,3.0
A1WWULBGFR2TGQ,B0000AP7NV,4.0
A1WWULBGFR2TGQ,B0009KMYDM,4.0
A1WWULBGFR2TGQ,B000MDHH06,4.0
ABMQTSJL33EDH,B00004S7V8,5.0
ABMQTSJL33EDH,B00004SU35,1.0
ABMQTSJL33EDH,B00005TN7H,4.0
ABMQTSJL33EDH,B0000632QE,3.0
ABMQTSJL33EDH,B000R4J8PC,4.0
A2IX2PCXS5O2FK,B00004SU18,5.0
A2IX2PCXS5O2FK,B0000BYC4B,5.0
A2IX2PCXS5O2FK,B001BB2LMM,5.0
A2IX2PCXS5O2FK,B003KYSLMW,5.0
AQLL2R1PPR46X,B00004S1CY,5.0
AQLL2R1PPR46X,B00004S7V8,5.0
AQLL2R1PPR46X,B00023XCWS,5.0
AQLL2R1PPR46X,B00065L6CU,5.0
AQLL2R1PPR46X,B001LYFBHG,3.0
AQLL2R1PPR46X,B00629K4YK,5.0
AVP1NL6GYMVR,B00004OCNJ,5.0
AVP1NL6GYMVR,B00004SPEU,5.0
AVP1NL6GYMVR,B00005TN7H,1.0
AVP1NL6GYMVR,B0000632QE,5.0
AVP1NL6GYMVR,B000AAM0EY,5.0
AVP1NL6GYMVR,B001L5TVGW,5.0
A3RRAIE5VGNS0S,B00006JSUA,4.0
A3RRAIE5VGNS0S,B0000CF66W,4.0
A3RRAIE5VGNS0S,B0000CFMZN,5.0
A3RRAIE5VGNS0S,B000ZK4QH8,5.0
A3RRAIE5VGNS0S,B002HFDLCK,5.0
AH57QM6YHIW8M,B00004OCO9,3.0
AH57QM6YHIW8M,B00006JSUA,5.0
AH57QM6YHIW8M,B000EGA6QI,5.0
AH57QM6YHIW8M,B005M8HPPS,3.0
A3D0HMC6RQT0N0,B0009KMYDM,2.0
A3D0HMC6RQT0N0,B000TYBWIG,4.0
A3D0HMC6RQT0N0,B001N07KUE,5.0
A3D0HMC6RQT0N0,B002S52ZDU,4.0
A3K91X9X2ARDOK,B00004OCO9,5.0
A3K91X9X2ARDOK,B0035E63WM,5.0
A3K91X9X2ARDOK,B004412GTO,5.0
A3K91X9X2ARDOK,B006MIPW70,5.0
AOQ2IB802NXAQ,B00006IUWA,1.0
AOQ2IB802NXAQ,B0000DE9B5,4.0
AOQ2IB802NXAQ,B0009KMYDM,4.0
AOQ2IB802NXAQ,B000AAM0EY,5.0
AOQ2IB802NXAQ,B000GTR2F6,5.0
AOQ2IB802NXAQ,B002XOHZWC,5.0
AVFTLHAIG5N62,B00005IBX9,5.0
AVFTLHAIG5N62,B0000AR7SY,5.0
AVFTLHAIG5N62,B001AO2PXK,5.0
AVFTLHAIG5N62,B002PY7AYS,5.0
AVFTLHAIG5N62,B007ACTN54,5.0
A3Q0EZ6BU4AZ2B,B00004S7V8,5.0
A3Q0EZ6BU4AZ2B,B00004SPEU,5.0
A3Q0EZ6BU4AZ2B,B00006JSUA,5.0
A3Q0EZ6BU4AZ2B,B00017UT6W,5.0
A3JHG5UL1HJNFW,B00005UP2K,5.0
A3JHG5UL1HJNFW,B000AAM0EY,5.0
A3JHG5UL1HJNFW,B000TKDQ5C,5.0
A3JHG5UL1HJNFW,B001AO2PXK,5.0
A1TMK2UXMMNXRZ,B00004OCMM,5.0
A1TMK2UXMMNXRZ,B00004W4UP,5.0
A1TMK2UXMMNXRZ,B000AAM0EY,5.0
A1TMK2UXMMNXRZ,B000G0KJG4,4.0
A2NUBL2UYWPBWR,B00004OCKR,5.0
A2NUBL2UYWPBWR,B00005B8K5,4.0
A2NUBL2UYWPBWR,B0000CF66W,4.0
A2NUBL2UYWPBWR,B00023XCWS,3.0
A2NUBL2UYWPBWR,B005M8HPPS,5.0
A2XBUJ03H9IDQL,B00004SU35,5.0
A2XBUJ03H9IDQL,B0000CF66W,5.0
A2XBUJ03H9IDQL,B001L5TVGW,5.0
A2XBUJ03H9IDQL,B00450U7V8,5.0
AXO4PQU0XG3TG,B00004OCKR,5.0
AXO4PQU0XG3TG,B00004OCNJ,3.0
AXO4PQU0XG3TG,B00004OCO9,3.0
AXO4PQU0XG3TG,B00005B8K5,4.0
AXO4PQU0XG3TG,B00005UP2K,3.0
AXO4PQU0XG3TG,B00006IUWM,3.0
AXO4PQU0XG3TG,B00023XCWS,1.0
AXO4PQU0XG3TG,B000AAM0EY,4.0
A375NF45A1MDWI,B00006IUWA,5.0
A375NF45A1MDWI,B00009R66F,5.0
A375NF45A1MDWI,B0009ONZ8G,5.0
A375NF45A1MDWI,B000AQSMPO,4.0
A1Z8I0CPAH20FM,B00006IUWM,5.0
A1Z8I0CPAH20FM,B0000CF66W,4.0
A1Z8I0CPAH20FM,B004412GTO,4.0
A1Z8I0CPAH20FM,B007ZF638G,5.0
A3T1BCKTKQV9RO,B00006IUWA,5.0
A3T1BCKTKQV9RO,B0007Y9WHQ,5.0
A3T1BCKTKQV9RO,B001PB8EJ2,5.0
A3T1BCKTKQV9RO,B004412GTO,3.0
A4XR36DJRU3S3,B00004W4UP,5.0
A4XR36DJRU3S3,B00005MF9C,5.0
A4XR36DJRU3S3,B002KCO96C,1.0
A4XR36DJRU3S3,B0035E63WM,5.0
A2A5C9IQ06CG9N,B00004SPEU,5.0
A2A5C9IQ06CG9N,B00006JSUA,5.0
A2A5C9IQ06CG9N,B00017UT6W,5.0
A2A5C9IQ06CG9N,B007ZF638G,5.0
A9J5SLYXUCWO1,B0006HUYGM,5.0
A9J5SLYXUCWO1,B000EGA6QI,5.0
A9J5SLYXUCWO1,B002XOHZWC,5.0
A9J5SLYXUCWO1,B003PWK2A8,5.0
A1WIB486Q684IH,B00004S7V8,5.0
A1WIB486Q684IH,B00008T960,5.0
A1WIB486Q684IH,B000638D32,5.0
A1WIB486Q684IH,B002YD99Y4,4.0
A1FVOVLVU7GDV8,B000M8YMEU,5.0
A1FVOVLVU7GDV8,B000QFDNP8,5.0
A1FVOVLVU7GDV8,B003H2GMIW,5.0
A1FVOVLVU7GDV8,B003PWK2A8,5.0
A2G9UDL72YUTT8,B00004OCO9,5.0
A2G9UDL72YUTT8,B002S52ZDU,4.0
A2G9UDL72YUTT8,B002YD99Y4,5.0
A2G9UDL72YUTT8,B005M8HPPS,5.0
A1FZSWC07ZPMID,B00005B8K5,5.0
A1FZSWC07ZPMID,B0000632QE,5.0
A1FZSWC07ZPMID,B000COC5MK,3.0
A1FZSWC07ZPMID,B000F49XXG,3.0
A1YPPQBQXOAOMY,B0000AR7SY,5.0
A1YPPQBQXOAOMY,B0000CCY1C,4.0
A1YPPQBQXOAOMY,B0006HUYGM,5.0
A1YPPQBQXOAOMY,B000GXZ2GS,5.0
A1B8N3EL7ZUPUH,B00005UP2K,1.0
A1B8N3EL7ZUPUH,B0002Y5X92,4.0
A1B8N3EL7ZUPUH,B000638D32,5.0
A1B8N3EL7ZUPUH,B001N07KUE,5.0
A2503LT8PZIHAD,B00004SPZV,5.0
A2503LT8PZIHAD,B00006JSUA,3.0
A2503LT8PZIHAD,B003PWK2A8,5.0
A2503LT8PZIHAD,B007ZF638G,1.0
AZMY6E8B52L2T,B0000AP7NV,5.0
AZMY6E8B52L2T,B0000CFMZN,5.0
AZMY6E8B52L2T,B00065L6CU,4.0
AZMY6E8B52L2T,B0007Y9WHQ,5.0
AZMY6E8B52L2T,B00629K4YK,5.0
AZMY6E8B52L2T,B00635VODS,5.0
A3G9ZU35JDFO4Y,B00005IBX9,4.0
A3G9ZU35JDFO4Y,B0000AR7SY,5.0
A3G9ZU35JDFO4Y,B000AQSMPO,1.0
A3G9ZU35JDFO4Y,B000DLB2FI,1.0
A16E2XTMT1SC46,B00004OCKR,4.0
A16E2XTMT1SC46,B0000CFMZN,5.0
A16E2XTMT1SC46,B000EGA6QI,4.0
A16E2XTMT1SC46,B00629K4YK,2.0
A3QNX5KWHDV0GD,B000MDHH06,3.0
A3QNX5KWHDV0GD,B002YD99Y4,5.0
A3QNX5KWHDV0GD,B00336TY0K,5.0
A3QNX5KWHDV0GD,B003KYSLMW,5.0
A30YO2G0MDE1PG,B00004OCNJ,5.0
A30YO2G0MDE1PG,B000FFVJ3C,5.0
A30YO2G0MDE1PG,B000GWG0T2,5.0
A30YO2G0MDE1PG,B000R4J8PC,5.0
A3MHEGH6EIS5ZU,B00004OCKR,4.0
A3MHEGH6EIS5ZU,B00004OCNJ,5.0
A3MHEGH6EIS5ZU,B00004SPEU,4.0
A3MHEGH6EIS5ZU,B00005UP2K,4.0
A3MHEGH6EIS5ZU,B0000DE9B5,1.0
A3MHEGH6EIS5ZU,B000638D32,5.0
A25B9A3NZR8EVG,B00004OCNJ,4.0
A25B9A3NZR8EVG,B00006JSUA,5.0
A25B9A3NZR8EVG,B0000CFMZN,4.0
A25B9A3NZR8EVG,B000638D32,5.0
AMMNGUJK4HQJ5,B00004SPZV,5.0
AMMNGUJK4HQJ5,B0000BYC4B,5.0
AMMNGUJK4HQJ5,B0000CFMZN,5.0
AMMNGUJK4HQJ5,B000V5X826,5.0
AMMNGUJK4HQJ5,B002XOHZWC,5.0
A2MSQNPTNAAGL1,B00004OCMM,5.0
A2MSQNPTNAAGL1,B0000632QE,5.0
A2MSQNPTNAAGL1,B00006IUWA,5.0
A2MSQNPTNAAGL1,B0000CBJJL,4.0
A2MSQNPTNAAGL1,B00017UT6W,5.0
A2MSQNPTNAAGL1,B0006HUYGM,4.0
A2MSQNPTNAAGL1,B0009ONZ8G,5.0
A2MSQNPTNAAGL1,B002S52ZDU,5.0
ASM1O7M1NKV8V,B0000CCY1C,2.0
ASM1O7M1NKV8V,B000QFDNP8,4.0
ASM1O7M1NKV8V,B002HFDLCK,4.0
ASM1O7M1NKV8V,B00336TY0K,4.0
ASM1O7M1NKV8V,B00BTIUYOO,4.0
A2Z5W4JDUT2EBY,B000FFVJ3C,5.0
A2Z5W4JDUT2EBY,B000N4WMUE,5.0
A2Z5W4JDUT2EBY,B001LYFBHG,3.0
A2Z5W4JDUT2EBY,B001T4ZAX8,2.0
A2Z5W4JDUT2EBY,B002XOHZWC,5.0
A26UZ7UQWAHAVJ,B00004OCKR,5.0
A26UZ7UQWAHAVJ,B00005TN7H,5.0
A26UZ7UQWAHAVJ,B0002Y5X92,5.0
A26UZ7UQWAHAVJ,B0007Y9WHQ,3.0
A26UZ7UQWAHAVJ,B003KYSLMW,5.0
A3I3OQ2B6EKOXY,B00004SU18,5.0
A3I3OQ2B6EKOXY,B0006HUYGM,3.0
A3I3OQ2B6EKOXY,B000F49XXG,1.0
A3I3OQ2B6EKOXY,B000MDHH06,2.0
A3NHUQ33CFH3VM,B00004OCMM,3.0
A3NHUQ33CFH3VM,B00006IUWM,5.0
A3NHUQ33CFH3VM,B0000CF3Q6,5.0
A3NHUQ33CFH3VM,B0000DE9B5,5.0
A3NHUQ33CFH3VM,B0035E63WM,5.0
AV3XTMK5I2AWI,B00008T960,5.0
AV3XTMK5I2AWI,B000638D32,3.0
AV3XTMK5I2AWI,B000GWG0T2,5.0
AV3XTMK5I2AWI,B005M8HPPS,3.0
A3H9DQRTWURWZ6,B00004SPEU,4.0
A3H9DQRTWURWZ6,B00009R66F,5.0
A3H9DQRTWURWZ6,B001N07KUE,5.0
A3H9DQRTWURWZ6,B004H3G63G,4.0
A22I5C2UYG0AET,B00004SPEU,4.0
A22I5C2UYG0AET,B00005UP2K,2.0
A22I5C2UYG0AET,B00006JSUA,4.0
A22I5C2UYG0AET,B0000CBJJL,4.0
A1509YCCYCYQQ3,B00004OCO9,3.0
A1509YCCYCYQQ3,B0000DE9B5,5.0
A1509YCCYCYQQ3,B000GWG0T2,5.0
A1509YCCYCYQQ3,B001N07KUE,4.0
AKYDGCKCY7H9F,B00004SU35,5.0
AKYDGCKCY7H9F,B0000CF66W,4.0
AKYDGCKCY7H9F,B0009ONZ8G,5.0
AKYDGCKCY7H9F,B000GWG0T2,1.0
A11IXJ8M1JO296,B00004OCKR,5.0
A11IXJ8M1JO296,B00004SPZV,5.0
A11IXJ8M1JO296,B0006ZUHR0,4.0
A11IXJ8M1JO296,B002AQHLEU,4.0
AV068GF6J2V82,B00005B8K5,5.0
AV068GF6J2V82,B000EJVYTS,2.0
AV068GF6J2V82,B002HFDLCK,5.0
AV068GF6J2V82,B0047Y0UQO,5.0
A3DQ4FF1IW84EC,B00004SPEU,5.0
A3DQ4FF1IW84EC,B00005IBX9,4.0
A3DQ4FF1IW84EC,B0002Y5X92,5.0
A3DQ4FF1IW84EC,B000GXZ2GS,5.0
A3Q2JMJNMVCGFI,B00008T960,4.0
A3Q2JMJNMVCGFI,B000638D32,5.0
A3Q2JMJNMVCGFI,B000GXZ2GS,5.0
A3Q2JMJNMVCGFI,B001N07KUE,5.0
A3IUD6OUAS0A9K,B00005B8K5,5.0
A3IUD6OUAS0A9K,B00008T960,5.0
A3IUD6OUAS0A9K,B00017UT6W,5.0
A3IUD6OUAS0A9K,B001BB2LMM,5.0
A3IUD6OUAS0A9K,B00395BD68,5.0
A3IUD6OUAS0A9K,B007ZF638G,5.0
A11FX8HL2ANK6T,B00005IBX9,5.0
A11FX8HL2ANK6T,B00009R66F,5.0
A11FX8HL2ANK6T,B000VENLF6,5.0
A11FX8HL2ANK6T,B0035E63WM,5.0
A11FX8HL2ANK6T,B0047Y0UQO,2.0
A243RXKUJDPKUO,B00005B8K5,5.0
A243RXKUJDPKUO,B00009R66F,5.0
A243RXKUJDPKUO,B0006HUYGM,5.0
A243RXKUJDPKUO,B002PY7AYS,5.0
A243RXKUJDPKUO,B007ACTN54,5.0
A2AA5HBO05U7X8,B00004OCNJ,5.0
A2AA5HBO05U7X8,B00005B8K5,5.0
A2AA5HBO05U7X8,B0009ONZ8G,4.0
A2AA5HBO05U7X8,B000V5X826,4.0
A22MANL4US4RMY,B00009R66F,4.0
A22MANL4US4RMY,B000QFDNP8,5.0
A22MANL4US4RMY,B002XOHZWC,5.0
A22MANL4US4RMY,B0047Y0UQO,5.0
A31J374YOS01NC,B000EGA6QI,5.0
A31J374YOS01NC,B000M8YMEU,5.0
A31J374YOS01NC,B002S52ZDU,4.0
A31J374YOS01NC,B002YD99Y4,4.0
A2RME4353Y911C,B00004OCKR,3.0
A2RME4353Y911C,B00004S7V8,5.0
A2RME4353Y911C,B00006IUWA,2.0
A2RME4353Y911C,B00006JSUA,2.0
A2RME4353Y911C,B00023XCWS,5.0
A2RME4353Y911C,B001AO2PXK,4.0
A3BK8RM9RCWSYB,B00005B8K5,5.0
A3BK8RM9RCWSYB,B0000CFMZN,5.0
A3BK8RM9RCWSYB,B00017UT6W,5.0
A3BK8RM9RCWSYB,B000GXZ2GS,5.0
A3BK8RM9RCWSYB,B000N4WMUE,5.0
A18GJ9MYYO6GCQ,B00004OCO9,5.0
A18GJ9MYYO6GCQ,B0000CFMZN,5.0
A18GJ9MYYO6GCQ,B001LYFBHG,2.0
A18GJ9MYYO6GCQ,B005M8HPPS,4.0
A28EMTHVF120XV,B00004S1CY,5.0
A28EMTHVF120XV,B00004SPEU,5.0
A28EMTHVF120XV,B00005TN7H,5.0
A28EMTHVF120XV,B00006JSUA,5.0
A28EMTHVF120XV,B0000BYC4B,5.0
A28EMTHVF120XV,B0000DE9B5,5.0
A28EMTHVF120XV,B000M8YMEU,5.0
A28EMTHVF120XV,B001N07KUE,5.0
A28EMTHVF120XV,B00629K4YK,5.0
A253IOATGMT2UP,B00004SPEU,4.0
A253IOATGMT2UP,B00008T960,5.0
A253IOATGMT2UP,B00023XCWS,5.0
A253IOATGMT2UP,B001PB8EJ2,5.0
A253IOATGMT2UP,B002PY7AYS,5.0
A1CQ3A1RMYXBNS,B00005B8K5,5.0
A1CQ3A1RMYXBNS,B00008T960,5.0
A1CQ3A1RMYXBNS,B0002Y5X92,5.0
A1CQ3A1RMYXBNS,B003KYSLMW,5.0
A2ZY49IDE6TY5I,B00004OCMM,5.0
A2ZY49IDE6TY5I,B00004OCO9,5.0
A2ZY49IDE6TY5I,B00004S7V8,5.0
A2ZY49IDE6TY5I,B00004SPZV,3.0
A2ZY49IDE6TY5I,B00005TN7H,5.0
A2ZY49IDE6TY5I,B00006IUWA,5.0
A2ZY49IDE6TY5I,B00006JSUA,5.0
A2ZY49IDE6TY5I,B0002Y5X92,5.0
A2ZY49IDE6TY5I,B000AAM0EY,4.0
A2ZY49IDE6TY5I,B000COC5MK,5.0
A2ZY49IDE6TY5I,B000DLB2FI,3.0
A2ZY49IDE6TY5I,B001GAQKKW,3.0
A2ZY49IDE6TY5I,B001T4ZAX8,5.0
A2ZY49IDE6TY5I,B003KYSLMW,4.0
A2ZY49IDE6TY5I,B00635VODS,5.0
A2ZY49IDE6TY5I,B00BTIUYOO,4.0
A10PEXB6XAQ5XF,B00004OCO9,4.0
A10PEXB6XAQ5XF,B00005TN7H,5.0
A10PEXB6XAQ5XF,B001AO2PXK,5.0
A10PEXB6XAQ5XF,B002PY7AYS,5.0
A10PEXB6XAQ5XF,B002XOHZWC,4.0
A2SDVBZFH9UZ2N,B00004S7V8,5.0
A2SDVBZFH9UZ2N,B00004SPZV,5.0
A2SDVBZFH9UZ2N,B00005B8K5,5.0
A2SDVBZFH9UZ2N,B0000CCY1C,5.0
A2SDVBZFH9UZ2N,B000G0KJG4,5.0
A2SDVBZFH9UZ2N,B000KDVTJI,5.0
A2SDVBZFH9UZ2N,B000N4WMUE,5.0
A3TRSUX9JYKNCJ,B0009ONZ8G,5.0
A3TRSUX9JYKNCJ,B001GAQKKW,5.0
A3TRSUX9JYKNCJ,B001LYFBHG,1.0
A3TRSUX9JYKNCJ,B001N07KUE,1.0
A1GCOURMTPXKWI,B00004W4UP,5.0
A1GCOURMTPXKWI,B0000632QE,5.0
A1GCOURMTPXKWI,B00006JSUA,5.0
A1GCOURMTPXKWI,B000GXZ2GS,5.0
A1GCOURMTPXKWI,B000N4WMUE,4.0
A1GCOURMTPXKWI,B004CSXMP6,5.0
A1GCOURMTPXKWI,B00629K4YK,5.0
A1279UERKF6H33,B0000632QE,5.0
A1279UERKF6H33,B00008T960,4.0
A1279UERKF6H33,B000G0KJG4,4.0
A1279UERKF6H33,B00629K4YK,1.0
A2076GK8UUVYA7,B000GXZ2GS,5.0
A2076GK8UUVYA7,B001L5TVGW,5.0
A2076GK8UUVYA7,B002HFDLCK,4.0
A2076GK8UUVYA7,B007ACTN54,4.0
A3QGKITRCZEOZ9,B0000BYC4B,5.0
A3QGKITRCZEOZ9,B00023XCWS,4.0
A3QGKITRCZEOZ9,B000MDHH06,4.0
A3QGKITRCZEOZ9,B00395BD68,5.0
AUON6U9E098J5,B000M8YMEU,5.0
AUON6U9E098J5,B000QFDNP8,4.0
AUON6U9E098J5,B001GAQKKW,5.0
AUON6U9E098J5,B0047Y0UQO,2.0
A3H9MYVGSV0M2R,B00004SPZV,4.0
A3H9MYVGSV0M2R,B000R4J8PC,5.0
A3H9MYVGSV0M2R,B00395BD68,3.0
A3H9MYVGSV0M2R,B007ACTN54,5.0
AUSKPOLFH4PRV,B00004OCNJ,5.0
AUSKPOLFH4PRV,B00005IBX9,5.0
AUSKPOLFH4PRV,B00005UP2K,5.0
AUSKPOLFH4PRV,B0000CCY1C,3.0
AUSKPOLFH4PRV,B0000CFMZN,5.0
AUSKPOLFH4PRV,B000M8YMEU,4.0
A2YSPRESM13WXE,B00004SPZV,5.0
A2YSPRESM13WXE,B00004W4UP,5.0
A2YSPRESM13WXE,B00006JSUA,5.0
A2YSPRESM13WXE,B000AAM0EY,5.0
A2YSPRESM13WXE,B000DLB2FI,5.0
A2YSPRESM13WXE,B0035E63WM,4.0
A3AMJWY5WL87JN,B00005B8K5,5.0
A3AMJWY5WL87JN,B00006JSUA,5.0
A3AMJWY5WL87JN,B000DLB2FI,5.0
A3AMJWY5WL87JN,B000M8YMEU,5.0
A3AMJWY5WL87JN,B000TYBWIG,5.0
A2IKWNR2917XOA,B00006IUWA,3.0
A2IKWNR2917XOA,B000AAM0EY,1.0
A2IKWNR2917XOA,B000DLB2FI,1.0
A2IKWNR2917XOA,B000GTR2F6,4.0
A2IKWNR2917XOA,B001L5TVGW,2.0
A1HTDH4UD75OQ2,B00006IUWA,5.0
A1HTDH4UD75OQ2,B000EGA6QI,5.0
A1HTDH4UD75OQ2,B000GWG0T2,5.0
A1HTDH4UD75OQ2,B001GAQKKW,5.0
A2U3Z8U1H8EIID,B0000AP7NV,5.0
A2U3Z8U1H8EIID,B000QFDNP8,4.0
A2U3Z8U1H8EIID,B002HFDLCK,5.0
A2U3Z8U1H8EIID,B006MIPW70,5.0
A3SMR4HRFJARSC,B00004OCMM,5.0
A3SMR4HRFJARSC,B00004S7V8,5.0
A3SMR4HRFJARSC,B00005B8K5,3.0
A3SMR4HRFJARSC,B0000DE9B5,3.0
A3OXHLG6DIBRW8,B00004SU18,5.0
A3OXHLG6DIBRW8,B00005TN7H,4.0
A3OXHLG6DIBRW8,B0000AP7NV,5.0
A3OXHLG6DIBRW8,B000QFDNP8,5.0
AN81JUYW2SL24,B00004OCO9,4.0
AN81JUYW2SL24,B0006HUYGM,4.0
AN81JUYW2SL24,B002PY7AYS,5.0
AN81JUYW2SL24,B00336TY0K,4.0
A1T61QP7QHYBRQ,B00004OCO9,5.0
A1T61QP7QHYBRQ,B0000CFMZN,5.0
A1T61QP7QHYBRQ,B000DLB2FI,5.0
A1T61QP7QHYBRQ,B000MDHH06,5.0
A269D5WCQBDL56,B00008T960,5.0
A269D5WCQBDL56,B000COC5MK,3.0
A269D5WCQBDL56,B000DLB2FI,3.0
A269D5WCQBDL56,B001N07KUE,2.0
A3MJISYNXNYEQD,B00006JSUA,5.0
A3MJISYNXNYEQD,B0002Y5X92,4.0
A3MJISYNXNYEQD,B000G0KJG4,5.0
A3MJISYNXNYEQD,B001FWXKTA,5.0
A3MJISYNXNYEQD,B001L5TVGW,5.0
A1ISFI6GPRRDHZ,B00004OCKR,5.0
A1ISFI6GPRRDHZ,B00005B8K5,5.0
A1ISFI6GPRRDHZ,B000AAM0EY,5.0
A1ISFI6GPRRDHZ,B001L5TVGW,3.0
A3T2J7YMQT11Y2,B00005IBX9,3.0
A3T2J7YMQT11Y2,B0009ONZ8G,5.0
A3T2J7YMQT11Y2,B000M8YMEU,5.0
A3T2J7YMQT11Y2,B00395BD68,5.0
ARHIP94W9PFZG,B00004S7V8,5.0
ARHIP94W9PFZG,B00065L6CU,4.0
ARHIP94W9PFZG,B0009KMYDM,5.0
ARHIP94W9PFZG,B0035E63WM,4.0
A1ODOGXEYECQQ8,B00004SPZV,4.0
A1ODOGXEYECQQ8,B00005B8K5,4.0
A1ODOGXEYECQQ8,B0000632QE,4.0
A1ODOGXEYECQQ8,B00006IUWA,3.0
A1ODOGXEYECQQ8,B0000CFMZN,5.0
A1ODOGXEYECQQ8,B000M8YMEU,4.0
A1ODOGXEYECQQ8,B002YD99Y4,5.0
A31ODJAFB7AG1,B00004OCKR,5.0
A31ODJAFB7AG1,B00009R66F,5.0
A31ODJAFB7AG1,B000EGA6QI,5.0
A31ODJAFB7AG1,B000GXZ2GS,1.0
A31ODJAFB7AG1,B002YD99Y4,4.0
A14CQY582WMP7O,B0000CFMZN,5.0
A14CQY582WMP7O,B000AAM0EY,4.0
A14CQY582WMP7O,B000G0KJG4,4.0
A14CQY582WMP7O,B00629K4YK,5.0
A1747OM7E0EQR4,B0000BYC4B,5.0
A1747OM7E0EQR4,B0009ONZ8G,4.0
A1747OM7E0EQR4,B000COC5MK,5.0
A1747OM7E0EQR4,B000KDVTJI,5.0
AQ6AGWKWMTY8H,B00004OCNJ,4.0
AQ6AGWKWMTY8H,B00004OCO9,3.0
AQ6AGWKWMTY8H,B00005B8K5,4.0
AQ6AGWKWMTY8H,B00006JSUA,5.0
A200I6ODJ8U2MG,B00008T960,5.0
A200I6ODJ8U2MG,B0009KMYDM,5.0
A200I6ODJ8U2MG,B000EGA6QI,5.0
A200I6ODJ8U2MG,B000G0KJG4,5.0
A2C8TK9MMHII3L,B00004S7V8,5.0
A2C8TK9MMHII3L,B00005B8K5,5.0
A2C8TK9MMHII3L,B00005UP2K,5.0
A2C8TK9MMHII3L,B000M8YMEU,5.0
A2HMEWIEF9PIMT,B00005MF9C,5.0
A2HMEWIEF9PIMT,B0009ONZ8G,4.0
A2HMEWIEF9PIMT,B000G0KJG4,4.0
A2HMEWIEF9PIMT,B000MDHH06,1.0
A28I98PKHZZKVB,B00004OCKR,5.0
A28I98PKHZZKVB,B00005UP2K,1.0
A28I98PKHZZKVB,B00006JSUA,5.0
A28I98PKHZZKVB,B0000CCY1C,5.0
A28I98PKHZZKVB,B000638D32,5.0
A28I98PKHZZKVB,B000KDVTJI,5.0
A3QBXZDK9A8AVE,B00004SU18,5.0
A3QBXZDK9A8AVE,B00005IBX9,2.0
A3QBXZDK9A8AVE,B00009R66F,4.0
A3QBXZDK9A8AVE,B000R2WEJQ,1.0
A1HDQMD058B644,B00004S1CY,5.0
A1HDQMD058B644,B00004SPEU,4.0
A1HDQMD058B644,B00004SU18,5.0
A1HDQMD058B644,B0009ONZ8G,4.0
A30JPZ9TZ7I61U,B00004OCO9,5.0
A30JPZ9TZ7I61U,B00004SPEU,5.0
A30JPZ9TZ7I61U,B00006IUWA,5.0
A30JPZ9TZ7I61U,B00008T960,5.0
A30JPZ9TZ7I61U,B000QFDNP8,5.0
A30JPZ9TZ7I61U,B00336TY0K,5.0
A2XXRN2ANQDBKO,B0000CFMZN,4.0
A2XXRN2ANQDBKO,B00023XCWS,5.0
A2XXRN2ANQDBKO,B000N4WMUE,5.0
A2XXRN2ANQDBKO,B00629K4YK,5.0
A3M1OXDYS1N9SY,B00005MF9C,5.0
A3M1OXDYS1N9SY,B00006IUWM,1.0
A3M1OXDYS1N9SY,B0000AP7NV,5.0
A3M1OXDYS1N9SY,B003KYSLMW,5.0
AJ6WCVOY4HP06,B00004SU18,5.0
AJ6WCVOY4HP06,B001N07KUE,5.0
AJ6WCVOY4HP06,B00336TY0K,5.0
AJ6WCVOY4HP06,B004H3G63G,5.0
A2MNB77YGJ3CN0,B0000AR7SY,4.0
A2MNB77YGJ3CN0,B0000CCY1C,5.0
A2MNB77YGJ3CN0,B0000CFMZN,4.0
A2MNB77YGJ3CN0,B00017UT6W,5.0
A2MNB77YGJ3CN0,B001BB2LMM,5.0
A2MNB77YGJ3CN0,B002S52ZDU,5.0
A1V97FRTX1LARJ,B0000DE9B5,5.0
A1V97FRTX1LARJ,B001N07KUE,5.0
A1V97FRTX1LARJ,B001T4ZAX8,2.0
A1V97FRTX1LARJ,B004H3G63G,5.0
A3N9TOPHBENB9I,B00004OCKR,5.0
A3N9TOPHBENB9I,B00004OCO9,5.0
A3N9TOPHBENB9I,B0000AP7NV,5.0
A3N9TOPHBENB9I,B002YD99Y4,5.0
A2Q8J8IL6V9M5T,B00004S1CY,5.0
A2Q8J8IL6V9M5T,B000COC5MK,4.0
A2Q8J8IL6V9M5T,B000DLB2FI,4.0
A2Q8J8IL6V9M5T,B000GTR2F6,2.0
A6VPIOPMDJ8H7,B00004S1CY,5.0
A6VPIOPMDJ8H7,B00006JSUA,5.0
A6VPIOPMDJ8H7,B0000CBJJL,5.0
A6VPIOPMDJ8H7,B000TYBWIG,5.0
A3PJZ8TU8FDQ1K,B00004S1CY,5.0
A3PJZ8TU8FDQ1K,B0000632QE,5.0
A3PJZ8TU8FDQ1K,B0000AP7NV,2.0
A3PJZ8TU8FDQ1K,B002AQHLEU,5.0
AQGGK340JR2V9,B00006JSUA,3.0
AQGGK340JR2V9,B000V5X826,5.0
AQGGK340JR2V9,B004H3G63G,1.0
AQGGK340JR2V9,B007ACTN54,5.0
ALDAF4VVLFRHP,B0000CFMZN,5.0
ALDAF4VVLFRHP,B0009KMYDM,4.0
ALDAF4VVLFRHP,B000AQSMPO,5.0
ALDAF4VVLFRHP,B000DLB2FI,5.0
A27M75LRSJ788H,B0006HUYGM,5.0
A27M75LRSJ788H,B000AQSMPO,5.0
A27M75LRSJ788H,B000ZK4QH8,5.0
A27M75LRSJ788H,B001FWXKTA,5.0
A27M75LRSJ788H,B00450U7V8,5.0
A27M75LRSJ788H,B006MIPW70,5.0
AO2BSY9E345DZ,B00004SPZV,4.0
AO2BSY9E345DZ,B00004W4UP,5.0
AO2BSY9E345DZ,B00008T960,5.0
AO2BSY9E345DZ,B000G0KJG4,5.0
A1W415JP5WEAJK,B00005TN7H,5.0
A1W415JP5WEAJK,B00009R66F,5.0
A1W415JP5WEAJK,B0000BYC4B,5.0
A1W415JP5WEAJK,B0000CFMZN,5.0
A1W415JP5WEAJK,B000AQSMPO,3.0
A1W415JP5WEAJK,B000DLB2FI,5.0
A1W415JP5WEAJK,B005M8HPPS,5.0
A1W415JP5WEAJK,B00BTIUYOO,3.0
A37MH7ICH80QOX,B00004W4UP,5.0
A37MH7ICH80QOX,B00005B8K5,5.0
A37MH7ICH80QOX,B00006IUWM,5.0
A37MH7ICH80QOX,B0000CCY1C,5.0
A37MH7ICH80QOX,B003H2GMIW,5.0
AVFP6Y641X6CZ,B0000CF3Q6,5.0
AVFP6Y641X6CZ,B000GXZ2GS,3.0
AVFP6Y641X6CZ,B000MDHH06,5.0
AVFP6Y641X6CZ,B001AO2PXK,1.0
A2NTWX8K7X6XR,B0000DE9B5,5.0
A2NTWX8K7X6XR,B00065L6CU,4.0
A2NTWX8K7X6XR,B000M8YMEU,4.0
A2NTWX8K7X6XR,B000QFDNP8,5.0
A2NTWX8K7X6XR,B002XOHZWC,4.0
A25C2M3QF9G7OQ,B00004OCKR,5.0
A25C2M3QF9G7OQ,B00005TN7H,5.0
A25C2M3QF9G7OQ,B0000CF3Q6,5.0
A25C2M3QF9G7OQ,B0006HUYGM,4.0
A25C2M3QF9G7OQ,B001PB8EJ2,5.0
A25C2M3QF9G7OQ,B003KYSLMW,5.0
A25C2M3QF9G7OQ,B005GUGBS4,5.0
A2Y6T5H52POQBM,B00004W4UP,5.0
A2Y6T5H52POQBM,B000638D32,5.0
A2Y6T5H52POQBM,B000ZK4QH8,5.0
A2Y6T5H52POQBM,B001BB2LMM,5.0
